product_code,title,url,price_azn,old_price_azn,discount_azn,availability,labels,monthly_payment_azn
102991,Apple MacBook Air M4 (MW123RU),https://irshad.az/az/mehsullar/apple-macbook-air-m4-mw123ru,2429.99,2739.99,310.0,Stokda var,Stokda var Faizsiz təklif -310 AZN,135.0
NYHY8DT,ASUS ROG Zephyrus G16 OLED GU605CM-QR110 (90NR0M21-M005R0),https://irshad.az/az/mehsullar/asus-rog-zephyrus-g16-oled-gu605cm-qr110-90nr0m21-m005r0-2,5509.99,6429.99,920.0,,Faizsiz təklif Yalnız online sifariş -920 AZN,306.11
AYCYE1L,ASUS TUF Gaming A16 FA608UM-RV053 (90NR0KV1-M005H0),https://irshad.az/az/mehsullar/asus-tuf-gaming-a16-fa608um-rv053-90nr0kv1-m005h0-2,2899.99,3799.99,900.0,,Faizsiz təklif Yalnız online sifariş -900 AZN,161.11
OKEFY3P,ASUS ROG Strix G18 G815JHR-S8021(90NR0LA1-M000U0),https://irshad.az/az/mehsullar/asus-rog-strix-g18-g815jhr-s8021-90nr0la1-m000u0-2,3599.99,4199.99,600.0,,Faizsiz təklif Yalnız online sifariş -600 AZN,200.0
SC3XTM5,ASUS TUF Gaming F16 FX607VJB-RL103 (90NR0MZ6-M005K0),https://irshad.az/az/mehsullar/asus-tuf-gaming-f16-fx607vjb-rl103-90nr0mz6-m005k0-2,1779.99,2069.99,290.0,,Faizsiz təklif Yalnız online sifariş -290 AZN,98.89
U4YZLCI,Acer Aspire Lite AL15-32P-C8T3  (NX.J9SEM.001),https://irshad.az/az/mehsullar/acer-aspire-lite-al15-32p-c8t3-nx-j9sem-001,569.99,649.99,80.0,Stokda var,Stokda var Faizsiz təklif -80 AZN,31.67
PXODEWZ,Acer Aspire Lite AL 16-52P-31BQ (NXJ5RER002),https://irshad.az/az/mehsullar/acer-aspire-lite-al-16-52p-31bq-nxj5rer002,839.99,999.99,160.0,Stokda var,Stokda var Faizsiz təklif -160 AZN,46.67
XG3JH8Q,Lenovo IP Slim 3 15IRH10 (83K100RFRK),https://irshad.az/az/mehsullar/lenovo-ip-slim-3-15irh10-83k100rfrk,1399.99,1669.99,270.0,Stokda var,Stokda var Faizsiz təklif -270 AZN,77.78
UXJ5ELD,Lenovo IP Slim 3 15IRH10 (83K10032RK),https://irshad.az/az/mehsullar/lenovo-ip-slim-3-15irh10-83k10032rk,1349.99,1599.99,250.0,Stokda var,Stokda var Faizsiz təklif -250 AZN,75.0
AIWLOPP,Lenovo V15 G5 IRL (83GW009NFW),https://irshad.az/az/mehsullar/lenovo-v15-g5-irl-83gw009nfw,1119.99,1399.99,280.0,Stokda var,Stokda var Faizsiz təklif -280 AZN,62.22
NECJW6S,LENOVO ThinkPad X12 Detachable Gen 2 (21LK003JRT),https://irshad.az/az/mehsullar/lenovo-thinkpad-x12-detachable-gen-2-21lk003jrt-2,3749.99,4379.99,630.0,,Faizsiz təklif Yalnız online sifariş -630 AZN,208.33
3YQGL5U,ASUS ZenBook S 16 OLED UM5606GA-SS022W (90NB17H2-M006F0),https://irshad.az/az/mehsullar/asus-zenbook-s-16-oled-um5606ga-ss022w-90nb17h2-m006f0-2,3299.99,4799.99,1500.0,,Faizsiz təklif Yalnız online sifariş -1500 AZN,183.33
3CPXNOH,ASUS ZenBook S 16 OLED UM5606GA-SS062W (90NB17H5-M006E0),https://irshad.az/az/mehsullar/asus-zenbook-s-16-oled-um5606ga-ss062w-90nb17h5-m006e0-2,3299.99,4799.99,1500.0,,Faizsiz təklif Yalnız online sifariş -1500 AZN,183.33
USYKZGR,ASUS ROG Zephyrus G16 OLED GU605CR-QR224 (90NR0LZ5-M00CN00),https://irshad.az/az/mehsullar/asus-rog-zephyrus-g16-oled-gu605cr-qr224-90nr0lz5-m00cn00-2,5799.99,7999.99,2200.0,,Faizsiz təklif Yalnız online sifariş -2200 AZN,322.22
OSGEJZI,ASUS TUF Gaming A14 FA401UM-RG009 (90NR0KR1-M00100),https://irshad.az/az/mehsullar/asus-tuf-gaming-a14-fa401um-rg009-90nr0kr1-m00100-2,2839.99,3309.99,470.0,,Faizsiz təklif Yalnız online sifariş -470 AZN,157.78
GBZWCBE,LENOVO ThinkPad X9-15 Gen 1 Aura Edition (21Q6001HRT),https://irshad.az/az/mehsullar/lenovo-thinkpad-x9-15-gen-1-aura-edition-21q6001hrt-2,4399.99,5999.99,1600.0,,Faizsiz təklif Yalnız online sifariş -1600 AZN,244.44
QHCVTDH,HP EB6G1i14 (A37PHET),https://irshad.az/az/mehsullar/hp-eb6g1i14-a37phet-2,2049.99,2549.99,500.0,,Faizsiz təklif Yalnız online sifariş -500 AZN,113.89
PW1NAB1,HP PB450 G10 (968W0ET),https://irshad.az/az/mehsullar/hp-pb450-g10-968w0et-2,2109.99,2639.99,530.0,,Faizsiz təklif Yalnız online sifariş -530 AZN,117.22
LPEHQ7N,ASUS TUF FX608JHR-RV088 (90NR0NA1-M004U0),https://irshad.az/az/mehsullar/asus-tuf-fx608jhr-rv088-90nr0na1-m004u0-2,2699.99,3399.99,700.0,,Faizsiz təklif Yalnız online sifariş -700 AZN,150.0
EZK36EI,HP Laptop AI 15-fd2010ci (C0EE7EA),https://irshad.az/az/mehsullar/hp-laptop-ai-15-fd2010ci-c0ee7ea-2,1999.99,2499.99,500.0,,Faizsiz təklif Yalnız online sifariş -500 AZN,111.11
LVDYURS,ASUS TUF Gaming FA608PP-RV019 (90NR0MD1-M00360),https://irshad.az/az/mehsullar/asus-tuf-gaming-fa608pp-rv019-90nr0md1-m00360,3399.99,4399.99,1000.0,,Faizsiz təklif Yalnız online sifariş -1000 AZN,188.89
JIDE5DL,ASUS TUF Gaming FA608UP-RV036 (90NR0KT1-M004Y0),https://irshad.az/az/mehsullar/asus-tuf-gaming-fa608up-rv036-90nr0kt1-m004y0,3699.99,4999.99,1300.0,,Faizsiz təklif Yalnız online sifariş -1300 AZN,205.56
794VNMG,Asus Vivobook E1504FA-BQ090 (90NB16F2-M002U0),https://irshad.az/az/mehsullar/asus-vivobook-e1504fa-bq090-90nb16f2-m002u0,1399.99,1599.99,200.0,,Faizsiz təklif Yalnız online sifariş -200 AZN,77.78
MHHXRBB,Asus X1704VA-AU1093 (90NB13X2-M00UH0),https://irshad.az/az/mehsullar/asus-x1704va-au1093-90nb13x2-m00uh0-2,1749.99,2249.99,500.0,,Faizsiz təklif Yalnız online sifariş -500 AZN,97.22
SSJYJB4,Asus VivoBook 15 X1504VA-BQ590 (90NB13Y1-M00X70),https://irshad.az/az/mehsullar/asus-vivobook-15-x1504va-bq590-90nb13y1-m00x70,1149.99,1399.99,250.0,Stokda var,Stokda var Faizsiz təklif -250 AZN,63.89
NPZIPIJ,MSI Cyborg 17 B13WGKG-237XAZ (9S7-17U332-237),https://irshad.az/az/mehsullar/msi-cyborg-17-b13wgkg-237xaz-9s7-17u332-237,3099.99,3799.99,700.0,,Faizsiz təklif Yalnız online sifariş -700 AZN,172.22
LJC7KZL,Lenovo V14 G5 IRL (83GU0086FW),https://irshad.az/az/mehsullar/lenovo-v14-g5-irl-83gu0086fw-2,1499.99,1999.99,500.0,,Faizsiz təklif Yalnız online sifariş -500 AZN,83.33
EFVCBTE,Lenovo ThinkPad E16 Gen 3 (21TF004PFW),https://irshad.az/az/mehsullar/lenovo-thinkpad-e16-gen-3-21tf004pfw-2,2459.99,3029.99,570.0,,Faizsiz təklif Yalnız online sifariş -570 AZN,136.67
1XRCWFZ,Lenovo ThinkBook 16 G8 IAL (21SK007VRT),https://irshad.az/az/mehsullar/lenovo-thinkbook-16-g8-ial-21sk007vrt-2,1699.99,2199.99,500.0,,Faizsiz təklif Yalnız online sifariş -500 AZN,94.44
7X6LPAF,Acer Aspire Lite AL15-72P-76WK (NXD5HEM001),https://irshad.az/az/mehsullar/acer-aspire-lite-al15-72p-76wk-nxd5hem001,1359.99,1599.99,240.0,Stokda var,Stokda var Faizsiz təklif -240 AZN,75.56
SLMGPKG,MSI Thin 15 B13UC-3424XAZ (9S7-16R831-3424),https://irshad.az/az/mehsullar/msi-thin-15-b13uc-3424xaz-9s7-16r831-3424,1569.99,2099.99,530.0,,Faizsiz təklif Yalnız online sifariş -530 AZN,87.22
8HXLSZC,Lenovo ThinkBook 16 G7 ARP (21MW002CRU),https://irshad.az/az/mehsullar/lenovo-thinkbook-16-g7-arp-21mw002cru-2,1529.99,1839.99,310.0,,Faizsiz təklif Yalnız online sifariş -310 AZN,85.0
FEERHUT,Lenovo Legion 5 15AHP10 (83M00056RK),https://irshad.az/az/mehsullar/lenovo-legion-5-15ahp10-83m00056rk,3069.99,3579.99,510.0,,Faizsiz təklif Yalnız online sifariş -510 AZN,170.56
ETU7B82,Lenovo LOQ 15AHP10 (83JG007WRK),https://irshad.az/az/mehsullar/lenovo-loq-15ahp10-83jg007wrk,2779.99,3269.99,490.0,,Faizsiz təklif Yalnız online sifariş -490 AZN,154.44
JJNJUBM,Lenovo LOQ 15AHP10 (83JG007LRK),https://irshad.az/az/mehsullar/lenovo-loq-15ahp10-83jg007lrk,2799.99,3199.99,400.0,,Faizsiz təklif Yalnız online sifariş -400 AZN,155.56
3C6GV6I,Lenovo LOQ 15AHP10 (83JG000VRK),https://irshad.az/az/mehsullar/lenovo-loq-15ahp10-83jg000vrk,2249.99,2799.99,550.0,,Faizsiz təklif Yalnız online sifariş -550 AZN,125.0
YBDOKV7,Lenovo ThinkPad T14s Gen 6 (21R1005SFW),https://irshad.az/az/mehsullar/lenovo-thinkpad-t14s-gen-6-21r1005sfw,3059.99,3669.99,610.0,,Faizsiz təklif Yalnız online sifariş -610 AZN,170.0
RAMQ5QX,Lenovo ThinkPad T14 Gen 6 (21QC006CFW),https://irshad.az/az/mehsullar/lenovo-thinkpad-t14-gen-6-21qc006cfw,3899.99,4689.99,790.0,,Faizsiz təklif Yalnız online sifariş -790 AZN,216.67
HQRYZLW,HP OMEN 16-WF0020NIA (C42GYEA),https://irshad.az/az/mehsullar/hp-omen-16-wf0020nia-c42gyea,2259.99,2699.99,440.0,,Stokda var - Məhdud sayda Faizsiz təklif -440 AZN,125.56
MHNG270,Lenovo LOQ 15IRX10 (83JE002KUS),https://irshad.az/az/mehsullar/lenovo-loq-15irx10-83je002kus-2,2099.99,2499.99,400.0,Stokda var,Stokda var Faizsiz təklif -400 AZN,116.67
YBEIS0B,Asus ExpertBook P1 P1503CVA-S72252 (90NX0881-M02W50),https://irshad.az/az/mehsullar/asus-expertbook-p1-p1503cva-s72252-90nx0881-m02w50-2,1369.99,1869.99,500.0,,Faizsiz təklif Yalnız online sifariş -500 AZN,76.11
TMMHIVK,Asus VivoBook 18 M1807GA-S8007 (90NB17Y1-M000K0),https://irshad.az/az/mehsullar/asus-vivobook-18-m1807ga-s8007-90nb17y1-m000k0,2229.99,2599.99,370.0,,Faizsiz təklif Yalnız online sifariş -370 AZN,123.89
MMUQM6V,Asus VivoBook 15 X1504VA-BQ140 (90NB10J1-M04U10),https://irshad.az/az/mehsullar/asus-vivobook-15-x1504va-bq140-90nb10j1-m04u10,1619.99,1989.99,370.0,,Faizsiz təklif Yalnız online sifariş -370 AZN,90.0
YQR7CB2,Asus ROG Strix G16 G615JPR-S5101 (90NR0L91-M00480),https://irshad.az/az/mehsullar/asus-rog-strix-g16-g615jpr-s5101-90nr0l91-m00480-2,4499.99,5499.99,1000.0,,Faizsiz təklif Yalnız online sifariş -1000 AZN,250.0
ZQWV8Z9,Asus ROG Strix G18 G814PM-S9027 (90NR0L28-M001N0),https://irshad.az/az/mehsullar/asus-rog-strix-g18-g814pm-s9027-90nr0l28-m001n0-2,3499.99,4999.99,1500.0,,Faizsiz təklif Yalnız online sifariş -1500 AZN,194.44
MSFVFXQ,Asus TUF Gaming F16 FX608JHR-RV035 (90NR0NA1-M003C0),https://irshad.az/az/mehsullar/asus-tuf-gaming-f16-fx608jhr-rv035-90nr0na1-m003c0,2949.99,3629.99,680.0,,Faizsiz təklif Yalnız online sifariş -680 AZN,163.89
M2HKJJU,Lenovo V15 G5 IRL (83GW009NGX),https://irshad.az/az/mehsullar/lenovo-v15-g5-irl-83gw009ngx,1149.99,1399.99,250.0,Stokda var,Stokda var Faizsiz təklif -250 AZN,63.89
BABEJUY,Lenovo IP Slim 3 15IAN8 (82XB00HBRK),https://irshad.az/az/mehsullar/lenovo-ip-slim-3-15ian8-82xb00hbrk,589.99,659.99,70.0,Stokda var,Stokda var Faizsiz təklif -70 AZN,32.78
NIDEASF,ASUS VivoBook E1504GA-WS35 (90NB0ZT1-M02580),https://irshad.az/az/mehsullar/asus-vivobook-e1504ga-ws35-90nb0zt1-m02580-2,769.99,999.99,230.0,Stokda var,Stokda var Faizsiz təklif -230 AZN,42.78
0QAUDUC,Asus VivoBook F1504VAP-WH56 (90NB13Y2-M01D40),https://irshad.az/az/mehsullar/asus-vivobook-f1504vap-wh56-90nb13y2-m01d40-2,1149.99,1399.99,250.0,Stokda var,Stokda var Faizsiz təklif -250 AZN,63.89
ZDLEUGL,ASUS VivoBook E1504GA-WS35 (90NB0ZT1-M01390),https://irshad.az/az/mehsullar/asus-vivobook-e1504ga-ws35-90nb0zt1-m01390-2,779.99,999.99,220.0,Stokda var,Stokda var Faizsiz təklif -220 AZN,43.33
DWXSVAP,Lenovo ThinkBook L14 21C2-S882W00 (21C2S82W00),https://irshad.az/az/mehsullar/lenovo-thinkbook-l14-21c2-s882w00-21c2s82w00,1419.99,1649.99,230.0,,Stokda var - Məhdud sayda Faizsiz təklif -230 AZN,78.89
OYYNIHC,HONOR Magic Book X16 Plus 2025 32+1TB WIN11 Space Gray (BRB-X),https://irshad.az/az/mehsullar/honor-magic-book-x16-plus-2025-32-1tb-win11-space-gray-brb-x,1899.99,2399.99,500.0,Stokda var,Stokda var Faizsiz təklif -500 AZN,105.56
JHLSUSL,HONOR Magicbook X16 Plus 2025 16+1TB WIN11 Space Gray (BRB-X),https://irshad.az/az/mehsullar/honor-magicbook-x16-plus-2025-16-1tb-win11-space-gray-brb-x,1749.99,2199.99,450.0,Stokda var,Stokda var Faizsiz təklif -450 AZN,97.22
PL1RUEK,HONOR Magic Book X14 Plus 2025 16+1TB WIN11 Space Gray (FRB-X),https://irshad.az/az/mehsullar/honor-magic-book-x14-plus-2025-16-1tb-win11-space-gray-frb-x,1669.99,2049.99,380.0,Stokda var,Stokda var Faizsiz təklif -380 AZN,92.78
ACZW2XE,Lenovo V15 G4 AMN (82YU0173RK),https://irshad.az/az/mehsullar/lenovo-v15-g4-amn-82yu0173rk-2,899.99,1079.99,180.0,Stokda var,Stokda var Faizsiz təklif -180 AZN,50.0
DH9RLMI,HP Victus Gaming Laptop 15-fa2029ci (D15ZFEA),https://irshad.az/az/mehsullar/hp-victus-gaming-laptop-15-fa2029ci-d15zfea-2,2119.99,2369.99,250.0,,Faizsiz təklif Yalnız online sifariş -250 AZN,117.78
N7VRYRA,ASUS TUF Gaming A15 FA506NFR-HN114 (90NR0JU7-M002T0),https://irshad.az/az/mehsullar/asus-tuf-gaming-a15-fa506nfr-hn114-90nr0ju7-m002t0,1599.99,1899.99,300.0,Stokda var,Stokda var Faizsiz təklif -300 AZN,88.89
1D3BTDF,HP 250 G10 (B39Z7AT),https://irshad.az/az/mehsullar/hp-250-g10-b39z7at,1049.99,1349.99,300.0,,Stokda var - Məhdud sayda Faizsiz təklif -300 AZN,58.33
XQ5AEDP,HP Victus 15- fa2013dx (B95WHUA),https://irshad.az/az/mehsullar/hp-victus-15-fa2013dx-b95whua,1799.99,2149.99,350.0,Stokda var,Stokda var Faizsiz təklif -350 AZN,100.0
UKD518I,HP Victus 15-FA2787NR (BM7B7UA),https://irshad.az/az/mehsullar/hp-victus-15-fa2787nr-bm7b7ua,2699.99,3099.99,400.0,Stokda var,Stokda var Faizsiz təklif -400 AZN,150.0
ZM7BFR2,Acer Aspire Lite AL 16-52P-751B  (NX.J5SER.002),https://irshad.az/az/mehsullar/acer-aspire-lite-al-16-52p-751b-nx-j5ser-002,1209.99,1449.99,240.0,Stokda var,Stokda var Faizsiz təklif -240 AZN,67.22
VWI7CBQ,Acer Aspire Lite AL 16-52P-50CK (NX.J5SER.001),https://irshad.az/az/mehsullar/acer-aspire-lite-al-16-52p-50ck-nx-j5ser-001,1029.99,1299.99,270.0,Stokda var,Stokda var Faizsiz təklif -270 AZN,57.22
OMACQP9,HP PB4G1i R16 (B39V6AT),https://irshad.az/az/mehsullar/hp-pb4g1i-r16-b39v6at-2,1259.99,1409.99,150.0,,Faizsiz təklif Yalnız online sifariş -150 AZN,70.0
M99PMNA,HP PB460 G11 (B9ZC1ET),https://irshad.az/az/mehsullar/hp-pb460-g11-b9zc1et-2,1799.99,2009.99,210.0,,Faizsiz təklif Yalnız online sifariş -210 AZN,100.0
YF1URMH,HP OmniBook X FlipNGAI 14-fm0014ci (C09FYEA),https://irshad.az/az/mehsullar/hp-omnibook-x-flipngai-14-fm0014ci-c09fyea-2,2669.99,2989.99,320.0,,Faizsiz təklif Yalnız online sifariş -320 AZN,148.33
DPDM1MF,Hp Victus Gaming Laptop 15-fa2115ci (CD8A7EA),https://irshad.az/az/mehsullar/hp-victus-gaming-laptop-15-fa2115ci-cd8a7ea-2,2309.99,2589.99,280.0,,Faizsiz təklif Yalnız online sifariş -280 AZN,128.33
V3JAIVP,Asus Zenbook S UM5606WA-RK226W (90NB13M2-M00DH0),https://irshad.az/az/mehsullar/asus-zenbook-s-um5606wa-rk226w-90nb13m2-m00dh0,4099.99,5099.99,1000.0,,Faizsiz təklif Yalnız online sifariş -1000 AZN,227.78
FDBESOD,HP 15-FD0531nia (B82HWEA),https://irshad.az/az/mehsullar/hp-15-fd0531nia-b82hwea,789.99,999.99,210.0,Stokda var,Stokda var Faizsiz təklif -210 AZN,43.89
OTUUFLD,HP 250R G9 Core 16GB (B2NK9ES),https://irshad.az/az/mehsullar/hp-250r-g9-core-16gb-b2nk9es,1099.99,1399.99,300.0,,Stokda var - Məhdud sayda Faizsiz təklif -300 AZN,61.11
YWZBVEZ,HP 250R G9 Core 8GB (B2NK9ES),https://irshad.az/az/mehsullar/hp-250r-g9-core-8gb-b2nk9es,1059.99,1349.99,290.0,Stokda var,Stokda var Faizsiz təklif -290 AZN,58.89
2YRTHBR,Acer Nitro Lite NL16 71G-75TW  (NH.DAAER.002),https://irshad.az/az/mehsullar/acer-nitro-lite-nl16-71g-75tw-nh-daaer-002,1739.99,2189.99,450.0,Stokda var,Stokda var Faizsiz təklif -450 AZN,96.67
ANGOZYI,Acer Nitro Lite NL16 71G-560W (NH.DAAER.001),https://irshad.az/az/mehsullar/acer-nitro-lite-nl16-71g-560w-nh-daaer-001,1549.99,1949.99,400.0,Stokda var,Stokda var Faizsiz təklif -400 AZN,86.11
RE4H95R,Acer Nitro Lite NL16 71G-74RC (NH.DAEER.002),https://irshad.az/az/mehsullar/acer-nitro-lite-nl16-71g-74rc-nh-daeer-002,1929.99,2499.99,570.0,Stokda var,Stokda var Faizsiz təklif -570 AZN,107.22
WPNC4LN,Acer Nitro Lite NL16 71G-526P (NH.DAEER.001),https://irshad.az/az/mehsullar/acer-nitro-lite-nl16-71g-526p-nh-daeer-001,1709.99,2189.99,480.0,Stokda var,Stokda var Faizsiz təklif -480 AZN,95.0
QIB8YG1,Acer Nitro V 15 ANV15-51-76ER 512GB SSD  (NHQNBEM005),https://irshad.az/az/mehsullar/acer-nitro-v-15-anv15-51-76er-512gb-ssd-nhqnbem005,2399.99,2699.99,300.0,,Stokda var - Məhdud sayda Faizsiz təklif -300 AZN,133.33
3JPW7HS,Asus ROG Strix G16 G615JMR-AS74 (90NR0LB1-M000M0),https://irshad.az/az/mehsullar/asus-rog-strix-g16-g615jmr-as74-90nr0lb1-m000m0-2,3559.99,4299.99,740.0,Stokda var,Stokda var Faizsiz təklif -740 AZN,197.78
L2ZEDU4,HP Omen-11-(16)-AM0003TX (BM8Z7PA),https://irshad.az/az/mehsullar/hp-omen-11-16-am0003tx-bm8z7pa,3809.99,4599.99,790.0,,Stokda var - Məhdud sayda Faizsiz təklif -790 AZN,211.67
MCLIPHC,HP 15-FD0250WM  8GB (BY0S6UA),https://irshad.az/az/mehsullar/hp-15-fd0250wm-8gb-by0s6ua-2,1099.99,1349.99,250.0,Stokda var,Stokda var Faizsiz təklif -250 AZN,61.11
GWIIRRA,Asus VivoBook Pro 15 (90NB15E3-M003F0),https://irshad.az/az/mehsullar/asus-vivobook-pro-15-90nb15e3-m003f0,3699.99,4699.99,1000.0,,Faizsiz təklif Yalnız online sifariş -1000 AZN,205.56
8VINVI0,Lenovo IdeaPad Slim 3 16IRH10  (83K2000WRK),https://irshad.az/az/mehsullar/lenovo-ideapad-slim-3-16irh10-83k2000wrk,1119.99,1399.99,280.0,Stokda var,Stokda var Faizsiz təklif -280 AZN,62.22
XZQIJDY,Lenovo ThinkPad T14 Gen 6 (21QC006HFW),https://irshad.az/az/mehsullar/lenovo-thinkpad-t14-gen-6-21qc006hfw,3099.99,4599.99,1500.0,,Faizsiz təklif Yalnız online sifariş -1500 AZN,172.22
LLANFZM,Lenovo ThinkPad T14 Gen 6 (21QC006GFW),https://irshad.az/az/mehsullar/lenovo-thinkpad-t14-gen-6-21qc006gfw,2999.99,3379.99,380.0,,Faizsiz təklif Yalnız online sifariş -380 AZN,166.67
LWZX5QJ,Asus TUF Gaming F16 FX608JHR-RV036 (90NR0NA1-M001T0),https://irshad.az/az/mehsullar/asus-tuf-gaming-f16-fx608jhr-rv036-90nr0na1-m001t0,2849.99,3499.99,650.0,,Faizsiz təklif Yalnız online sifariş -650 AZN,158.33
M25G2EY,Asus ExpertBook P3 PM3606CKA-PL0325 (90NX0981-M00BC0),https://irshad.az/az/mehsullar/asus-expertbook-p3-pm3606cka-pl0325-90nx0981-m00bc0-2,2699.99,3699.99,1000.0,,Faizsiz təklif Yalnız online sifariş -1000 AZN,150.0
EQ4WSWN,Asus ExpertBook P3 PM3406CKA-LY0471 (90NX0971-M00JE0),https://irshad.az/az/mehsullar/asus-expertbook-p3-pm3406cka-ly0471-90nx0971-m00je0-2,1939.99,2499.99,560.0,,Faizsiz təklif Yalnız online sifariş -560 AZN,107.78
PIRZUMV,Asus ExpertBook P1 P1503CVA-S72534 (90NX0881-M02WE0),https://irshad.az/az/mehsullar/asus-expertbook-p1-p1503cva-s72534-90nx0881-m02we0,1999.99,2329.99,330.0,,Faizsiz təklif Yalnız online sifariş -330 AZN,111.11
ZPPWERH,Asus ExpertBook P1 P1503CVA-S72068 (90NX0881-M02W80),https://irshad.az/az/mehsullar/asus-expertbook-p1-p1503cva-s72068-90nx0881-m02w80,1559.99,1819.99,260.0,,Faizsiz təklif Yalnız online sifariş -260 AZN,86.67
SAOGOUZ,Asus ExpertBook B3 B3605CCA-MB0080 (90NX08N1-M00340),https://irshad.az/az/mehsullar/asus-expertbook-b3-b3605cca-mb0080-90nx08n1-m00340,1999.99,2999.99,1000.0,,Faizsiz təklif Yalnız online sifariş -1000 AZN,111.11
VRWIEE7,Asus Vivobook R15 X1504VA-NJ166 (90NB13Y2-M012E0),https://irshad.az/az/mehsullar/asus-vivobook-r15-x1504va-nj166-90nb13y2-m012e0,969.99,1299.99,330.0,Stokda var,Stokda var Faizsiz təklif -330 AZN,53.89
XQMKWWF,HP OMEN 16-am0000TX  (BM7T0PA),https://irshad.az/az/mehsullar/hp-omen-16-am0000tx-bm7t0pa,3269.99,3899.99,630.0,,Stokda var - Məhdud sayda Faizsiz təklif -630 AZN,181.67
BGCS9WQ,HP Victus 15-fa2082wm (B5EQ3UA),https://irshad.az/az/mehsullar/hp-victus-15-fa2082wm-b5eq3ua,1809.99,2199.99,390.0,Stokda var,Stokda var Faizsiz təklif -390 AZN,100.56
YWBYITV,HP Victus 15-fa2317TX 1TB (C34K7PA),https://irshad.az/az/mehsullar/hp-victus-15-fa2317tx-1tb-c34k7pa,2389.99,2999.99,610.0,,Stokda var - Məhdud sayda Faizsiz təklif -610 AZN,132.78
MCLLDFE,HP Victus 15-fa2317TX 512GB (C34K7PA),https://irshad.az/az/mehsullar/hp-victus-15-fa2317tx-512gb-c34k7pa,2389.99,2899.99,510.0,,Stokda var - Məhdud sayda Faizsiz təklif -510 AZN,132.78
RAOSFFX,Acer Nitro V15 ANV15-41-R1BK (NH.QSJEX.006),https://irshad.az/az/mehsullar/acer-nitro-v15-anv15-41-r1bk-nh-qsjex-006,1379.99,1769.99,390.0,Stokda var,Stokda var Faizsiz təklif -390 AZN,76.67
3IUWVKQ,ASUS ROG Zephyrus G14 GA403UM-QS004 (90NR0M81-M00270),https://irshad.az/az/mehsullar/asus-rog-zephyrus-g14-ga403um-qs004-90nr0m81-m00270-2,4589.99,4939.99,350.0,,Faizsiz təklif Yalnız online sifariş -350 AZN,255.0
PB8HV7V,Asus V3607VP-RP011 (90NB16R1-M002W0),https://irshad.az/az/mehsullar/asus-v3607vp-rp011-90nb16r1-m002w0,3499.99,4999.99,1500.0,,Faizsiz təklif Yalnız online sifariş -1500 AZN,194.44
ECRJCIM,Asus  Vivobook S3405CA-PP157W (90NB14W2-M00LP0),https://irshad.az/az/mehsullar/asus-vivobook-s3405ca-pp157w-90nb14w2-m00lp0,3549.99,3829.99,280.0,,Faizsiz təklif Yalnız online sifariş -280 AZN,197.22
WA7YSK5,Asus  VivoBook S3607VA-RP011 (90NB1671-M004V0),https://irshad.az/az/mehsullar/asus-vivobook-s3607va-rp011-90nb1671-m004v0,1899.99,2399.99,500.0,,Faizsiz təklif Yalnız online sifariş -500 AZN,105.56
YMZTFL9,Lenovo YOGA Pro 7 14IAH10 (83KF002LRK),https://irshad.az/az/mehsullar/lenovo-yoga-pro-7-14iah10-83kf002lrk,3199.99,4699.99,1500.0,,Faizsiz təklif Yalnız online sifariş -1500 AZN,177.78
HHTJWKT,Lenovo IdeaPad 5 2-in-1 14IRH9 (83KX006VRK),https://irshad.az/az/mehsullar/lenovo-ideapad-5-2-in-1-14irh9-83kx006vrk-2,1749.99,2199.99,450.0,,Faizsiz təklif Yalnız online sifariş -450 AZN,97.22
D2WYADO,Lenovo IdeaPad 5 2-in-1 14IRH9 (83KX006XRK),https://irshad.az/az/mehsullar/lenovo-ideapad-5-2-in-1-14irh9-83kx006xrk-2,1479.99,1729.99,250.0,,Faizsiz təklif Yalnız online sifariş -250 AZN,82.22
ALIYSSO,Lenovo YOGA Slim 7 15ILL9 (83HM007QRK),https://irshad.az/az/mehsullar/lenovo-yoga-slim-7-15ill9-83hm007qrk,3239.99,3989.99,750.0,,Faizsiz təklif Yalnız online sifariş -750 AZN,180.0
KYEASBX,Lenovo IdeaPad Slim 3 15AMN8 (82XQ00JPRK),https://irshad.az/az/mehsullar/lenovo-ideapad-slim-3-15amn8-82xq00jprk,989.99,1079.99,90.0,Stokda var,Stokda var Faizsiz təklif -90 AZN,55.0
S3A7XMD,Lenovo Legion 5 15AHP10 (83M0007RRK),https://irshad.az/az/mehsullar/lenovo-legion-5-15ahp10-83m0007rrk,2789.99,3429.99,640.0,,Faizsiz təklif Yalnız online sifariş -640 AZN,155.0
LN7LRU5,Lenovo LOQ 15ARP9 (83JC00LBRK),https://irshad.az/az/mehsullar/lenovo-loq-15arp9-83jc00lbrk,1899.99,2399.99,500.0,,Faizsiz təklif Yalnız online sifariş -500 AZN,105.56
DVAABOL,Lenovo ThinkPad E16 Gen 3 (21SR004TFW),https://irshad.az/az/mehsullar/lenovo-thinkpad-e16-gen-3-21sr004tfw,2539.99,2969.99,430.0,,Faizsiz təklif Yalnız online sifariş -430 AZN,141.11
U0MSQRW,Lenovo ThinkPad E16 Gen 3 (21SR0048FW),https://irshad.az/az/mehsullar/lenovo-thinkpad-e16-gen-3-21sr0048fw,1899.99,2899.99,1000.0,,Faizsiz təklif Yalnız online sifariş -1000 AZN,105.56
QGLY9ZL,Lenovo ThinkPad T14s Gen 6 (21N1002ART),https://irshad.az/az/mehsullar/lenovo-thinkpad-t14s-gen-6-21n1002art,3639.99,4399.99,760.0,,Faizsiz təklif Yalnız online sifariş -760 AZN,202.22
WM68UTQ,ASUS V16 V3607VM-RP059 (90NB16K1-M004Z0),https://irshad.az/az/mehsullar/asus-v16-v3607vm-rp059-90nb16k1-m004z0,2829.99,3489.99,660.0,,Faizsiz təklif Yalnız online sifariş -660 AZN,157.22
UXEIUF8,Asus  VivoBook V3607VH-RP020 (90NB16L1-M003C0),https://irshad.az/az/mehsullar/asus-vivobook-v3607vh-rp020-90nb16l1-m003c0,2299.99,2799.99,500.0,,Faizsiz təklif Yalnız online sifariş -500 AZN,127.78
E3OUXWX,Asus  VivoBook V3607VU-RP148 (90NB15Q1-M00R60),https://irshad.az/az/mehsullar/asus-vivobook-v3607vu-rp148-90nb15q1-m00r60,2379.99,2919.99,540.0,,Faizsiz təklif Yalnız online sifariş -540 AZN,132.22
EJC3WME,Asus ZenBook UX3405CA-QL549 (90NB14W4-M00T90),https://irshad.az/az/mehsullar/asus-zenbook-ux3405ca-ql549-90nb14w4-m00t90,2189.99,2699.99,510.0,,Faizsiz təklif Yalnız online sifariş -510 AZN,121.67
8XQQBW7,Asus  VivoBook S3407CA-LY010 (90NB16J1-M006F0),https://irshad.az/az/mehsullar/asus-vivobook-s3407ca-ly010-90nb16j1-m006f0,1999.99,2399.99,400.0,,Faizsiz təklif Yalnız online sifariş -400 AZN,111.11
O8WSDKC,Asus VivoBook M3607HA-SH149 (90NB16F1-M00920),https://irshad.az/az/mehsullar/asus-vivobook-m3607ha-sh149-90nb16f1-m00920,1919.99,2359.99,440.0,,Faizsiz təklif Yalnız online sifariş -440 AZN,106.67
QXAHF8Q,Asus VivoBook S3407CA-LY014 (90NB16J1-M006T0),https://irshad.az/az/mehsullar/asus-vivobook-s3407ca-ly014-90nb16j1-m006t0,1699.99,1899.99,200.0,,Faizsiz təklif Yalnız online sifariş -200 AZN,94.44
MSD6OXL,Asus VivoBook S3407CA-LY013 (90NB16J2-M006R0),https://irshad.az/az/mehsullar/asus-vivobook-s3407ca-ly013-90nb16j2-m006r0,1699.99,2099.99,400.0,,Faizsiz təklif Yalnız online sifariş -400 AZN,94.44
JA5NENI,Asus VivoBook S3607VA-RP096 (90NB1671-M007N0),https://irshad.az/az/mehsullar/asus-vivobook-s3607va-rp096-90nb1671-m007n0,1599.99,2099.99,500.0,,Faizsiz təklif Yalnız online sifariş -500 AZN,88.89
X8O2MKV,Asus VivoBook S14 M3407HA-SF077 (90NB16E2-M00560),https://irshad.az/az/mehsullar/asus-vivobook-s14-m3407ha-sf077-90nb16e2-m00560,1549.99,1949.99,400.0,,Faizsiz təklif Yalnız online sifariş -400 AZN,86.11
HLWQI7J,Asus VivoBook X1704VA-AU830 (90NB13X2-M00910),https://irshad.az/az/mehsullar/asus-vivobook-x1704va-au830-90nb13x2-m00910,1349.99,1849.99,500.0,,Faizsiz təklif Yalnız online sifariş -500 AZN,75.0
K1JJSZG,Apple MacBook Pro M5 (MDE54RU),https://irshad.az/az/mehsullar/apple-macbook-pro-m5-mde54ru-2,4319.99,4999.99,680.0,,Stokda var - Məhdud sayda Faizsiz təklif -680 AZN,240.0
FUYTOQL,Apple MacBook Pro M5 (MDE04RU),https://irshad.az/az/mehsullar/apple-macbook-pro-m5-mde04ru,3859.99,4499.99,640.0,Stokda var,Stokda var Faizsiz təklif -640 AZN,214.44
NXRL6CC,HP OmniBook 5LaptopAI 16-af1001c (BM0Q2EA),https://irshad.az/az/mehsullar/hp-omnibook-5laptopai-16-af1001c-bm0q2ea,1799.99,2399.99,600.0,,Faizsiz təklif Yalnız online sifariş -600 AZN,100.0
OJSFJRB,Asus ROG Strix G16 G614PM-S5079 (90NR0KW7-M004B0),https://irshad.az/az/mehsullar/asus-rog-strix-g16-g614pm-s5079-90nr0kw7-m004b0-2,3899.99,4799.99,900.0,,Faizsiz təklif Yalnız online sifariş -900 AZN,216.67
GGLIMKH,Lenovo LOQ 15IRX9 (83GS00R9RK),https://irshad.az/az/mehsullar/lenovo-loq-15irx9-83gs00r9rk,1599.99,1949.99,350.0,Stokda var,Stokda var Faizsiz təklif -350 AZN,88.89
Z1FOGGL,Lenovo IdeaPad 1 15IJL7 (82LX00G9RK),https://irshad.az/az/mehsullar/lenovo-ideapad-1-15ijl7-82lx00g9rk,529.99,659.99,130.0,Stokda var,Stokda var Faizsiz təklif -130 AZN,29.44
TI51NKE,Acer Extensa 15 EX215-57-59AM (NXEJAER00A),https://irshad.az/az/mehsullar/acer-extensa-15-ex215-57-59am-nxejaer00a,1129.99,1449.99,320.0,,Stokda var - Məhdud sayda Faizsiz təklif -320 AZN,62.78
0TUHUUN,Asus VivoBook S16 S3607CA-SH107 (90NB16I2-M007M0),https://irshad.az/az/mehsullar/asus-vivobook-s16-s3607ca-sh107-90nb16i2-m007m0-106366,1899.99,2399.99,500.0,,Faizsiz təklif Yalnız online sifariş -500 AZN,105.56
SEOTG7Q,Asus VivoBook Go E1504FA-BQ2536 (90NB0ZR1-M04600),https://irshad.az/az/mehsullar/asus-vivobook-go-e1504fa-bq2536-90nb0zr1-m04600,999.99,1499.99,500.0,,Faizsiz təklif Yalnız online sifariş -500 AZN,55.56
LMEKKVN,Asus VivoBook Go E1504FA-BQ2460 (90NB0ZR2-M042F0),https://irshad.az/az/mehsullar/asus-vivobook-go-e1504fa-bq2460-90nb0zr2-m042f0,929.99,1149.99,220.0,,Faizsiz təklif Yalnız online sifariş -220 AZN,51.67
FYLI2CJ,Asus VivoBook Go E1504FA-BQ1086 (90NB0ZR2-M01XE0),https://irshad.az/az/mehsullar/asus-vivobook-go-e1504fa-bq1086-90nb0zr2-m01xe0,999.99,1499.99,500.0,,Faizsiz təklif Yalnız online sifariş -500 AZN,55.56
OYDMPNA,Asus VivoBook Go E1504FA-BQ1185 (90NB0ZR1-M023B0),https://irshad.az/az/mehsullar/asus-vivobook-go-e1504fa-bq1185-90nb0zr1-m023b0,929.99,1149.99,220.0,,Faizsiz təklif Yalnız online sifariş -220 AZN,51.67
2LXOYSG,Asus ROG Strix G16 G614PR-RV007 (90NR0NJ7-M00080),https://irshad.az/az/mehsullar/asus-rog-strix-g16-g614pr-rv007-90nr0nj7-m00080-2,4149.99,5299.99,1150.0,,Faizsiz təklif Yalnız online sifariş -1150 AZN,230.56
GRG5WKA,ASUS ROG Strix G16 G614FM-S5076 (90NR0L17-M003E0),https://irshad.az/az/mehsullar/asus-rog-strix-g16-g614fm-s5076-90nr0l17-m003e0-2,3799.99,5799.99,2000.0,,Faizsiz təklif Yalnız online sifariş -2000 AZN,211.11
OMN2YYX,Asus ROG Strix G16 G614FM-S5031 (90NR0L17-M002B0),https://irshad.az/az/mehsullar/asus-rog-strix-g16-g614fm-s5031-90nr0l17-m002b0-2,3499.99,4999.99,1500.0,,Faizsiz təklif Yalnız online sifariş -1500 AZN,194.44
F5JIR9Y,ASUS ExpertBook P1 P1503CVA-S70831 (90NX0881-M00XA0),https://irshad.az/az/mehsullar/asus-expertbook-p1-p1503cva-s70831-90nx0881-m00xa0-2,1309.99,1549.99,240.0,,Faizsiz təklif Yalnız online sifariş -240 AZN,72.78
EVJ8B73,ASUS TUF Gaming F16 FX608JM-RV002 (90NR0MI1-M002V0),https://irshad.az/az/mehsullar/asus-tuf-gaming-f16-fx608jm-rv002-90nr0mi1-m002v0-7,2599.99,3499.99,900.0,,Faizsiz təklif Yalnız online sifariş -900 AZN,144.44
S1WXQRS,Lenovo LOG 15IAX9 (83GS00RVRK),https://irshad.az/az/mehsullar/lenovo-log-15iax9-83gs00rvrk,1639.99,1999.99,360.0,,Stokda var - Məhdud sayda Faizsiz təklif -360 AZN,91.11
YVDWCHJ,Lenovo LOQ 15IAX9 (83GS00RARK),https://irshad.az/az/mehsullar/lenovo-loq-15iax9-83gs00rark,1559.99,1799.99,240.0,,Stokda var - Məhdud sayda Faizsiz təklif -240 AZN,86.67
RWJOFY2,Acer Extensa 15 EX215-57-50W2  (NXEJAER007),https://irshad.az/az/mehsullar/acer-extensa-15-ex215-57-50w2-nxejaer007,1089.99,1349.99,260.0,Stokda var,Stokda var Faizsiz təklif -260 AZN,60.56
TTSMWG2,MSI Vector 17 HX AI A2XWJG-223AZ (9S7-17S372-223),https://irshad.az/az/mehsullar/msi-vector-17-hx-ai-a2xwjg-223az-9s7-17s372-223-2,8709.99,10729.99,2020.0,,Faizsiz təklif Yalnız online sifariş -2020 AZN,483.89
L2SE0F5,MSI Crosshair 16 HX AI D2XWFKG-088XAZ (9S7-15P421-088),https://irshad.az/az/mehsullar/msi-crosshair-16-hx-ai-d2xwfkg-088xaz-9s7-15p421-088,3999.99,4499.99,500.0,,Faizsiz təklif Yalnız online sifariş -500 AZN,222.22
5W8MHPD,MSI  Cyborg 15 B2RWFKG-408XAZ (9S7-15Q342-408),https://irshad.az/az/mehsullar/msi-cyborg-15-b2rwfkg-408xaz-9s7-15q342-408,2799.99,3199.99,400.0,,Faizsiz təklif Yalnız online sifariş -400 AZN,155.56
I38KYY0,HP EB6G1iR16 (A37N7ET),https://irshad.az/az/mehsullar/hp-eb6g1ir16-a37n7et,2449.99,3029.99,580.0,,Faizsiz təklif Yalnız online sifariş -580 AZN,136.11
WDNNQXR,HP EB6G1iR14 (A37MSET),https://irshad.az/az/mehsullar/hp-eb6g1ir14-a37mset,2429.99,3019.99,590.0,,Faizsiz təklif Yalnız online sifariş -590 AZN,135.0
UNLRMHD,HP EB860G11 (B2PW4ES),https://irshad.az/az/mehsullar/hp-eb860g11-b2pw4es,2329.99,2879.99,550.0,,Faizsiz təklif Yalnız online sifariş -550 AZN,129.44
UHMU1UW,HP PB465G11 (A38JVET),https://irshad.az/az/mehsullar/hp-pb465g11-a38jvet,1969.99,2429.99,460.0,,Faizsiz təklif Yalnız online sifariş -460 AZN,109.44
NKMP6UC,Asus ExpertBook B9 OLED B9403CVAR-PP2269 (90NX05W1-M035F0),https://irshad.az/az/mehsullar/asus-expertbook-b9-oled-b9403cvar-pp2269-90nx05w1-m035f0-2,3329.99,4999.99,1670.0,,Faizsiz təklif Yalnız online sifariş -1670 AZN,185.0
YVR8B4T,Asus  ExpertBook B5 B5605CCA-PL0070 (90NX08F1-M002H0),https://irshad.az/az/mehsullar/asus-expertbook-b5-b5605cca-pl0070-90nx08f1-m002h0-2,2199.99,3199.99,1000.0,,Faizsiz təklif Yalnız online sifariş -1000 AZN,122.22
GYKXPWO,Asus ExpertBook B5 B5605CCA-PL0073 (90NX08F1-M002T0),https://irshad.az/az/mehsullar/asus-expertbook-b5-b5605cca-pl0073-90nx08f1-m002t0-2,2019.99,2489.99,470.0,,Faizsiz təklif Yalnız online sifariş -470 AZN,112.22
JMAWGME,Asus  VivoBook S16 OLED S3607CA-SH079 (90NB16I2-M00640),https://irshad.az/az/mehsullar/asus-vivobook-s16-oled-s3607ca-sh079-90nb16i2-m00640-2,1999.99,2999.99,1000.0,,Faizsiz təklif Yalnız online sifariş -1000 AZN,111.11
FLSICY4,Asus VivoBook S16 OLED S3607CA-SH078 (90NB16I2-M00630),https://irshad.az/az/mehsullar/asus-vivobook-s16-oled-s3607ca-sh078-90nb16i2-m00630-2,1699.99,2299.99,600.0,,Faizsiz təklif Yalnız online sifariş -600 AZN,94.44
UBPGJBN,Asus ProArt P16 OLED H7606WP-ME032 (90NB15K1-M00440),https://irshad.az/az/mehsullar/asus-proart-p16-oled-h7606wp-me032-90nb15k1-m00440-2,5499.99,6779.99,1280.0,,Faizsiz təklif Yalnız online sifariş -1280 AZN,305.56
1BC0ALE,Lenovo IdeaPad Slim 5 16IRH10R (83J10068RK),https://irshad.az/az/mehsullar/lenovo-ideapad-slim-5-16irh10r-83j10068rk-2,1399.99,1699.99,300.0,,Faizsiz təklif Yalnız online sifariş -300 AZN,77.78
SZ0ONSU,Lenovo IdeaPad Slim 5 15ARP10 (83J30044RK),https://irshad.az/az/mehsullar/lenovo-ideapad-slim-5-15arp10-83j30044rk-4,1499.99,1699.99,200.0,,Faizsiz təklif Yalnız online sifariş -200 AZN,83.33
1CVKNCI,Lenovo IdeaPad Slim 5 15ARP10 (83J3005NRK),https://irshad.az/az/mehsullar/lenovo-ideapad-slim-5-15arp10-83j3005nrk-2,1399.99,1999.99,600.0,,Faizsiz təklif Yalnız online sifariş -600 AZN,77.78
H7BZA1Q,Lenovo IdeaPad Slim 5 14IRH10R (83J0006PRK),https://irshad.az/az/mehsullar/lenovo-ideapad-slim-5-14irh10r-83j0006prk-2,1999.99,2499.99,500.0,,Faizsiz təklif Yalnız online sifariş -500 AZN,111.11
5ZOKBYE,Lenovo IdeaPad Slim 5 14IRH10R (83J0006MRK),https://irshad.az/az/mehsullar/lenovo-ideapad-slim-5-14irh10r-83j0006mrk,1499.99,1999.99,500.0,,Faizsiz təklif Yalnız online sifariş -500 AZN,83.33
G2WJYIQ,HONOR Magic Book X16  Cloud Gray (GOH-X)  2025,https://irshad.az/az/mehsullar/honor-magic-book-x16-cloud-gray-goh-x-2025,999.99,1299.99,300.0,Stokda var,Stokda var Faizsiz təklif -300 AZN,55.56
1DXKEMM,HP OmniBook 7 Laptop16-az0006ci (C0EF4EA),https://irshad.az/az/mehsullar/hp-omnibook-7-laptop16-az0006ci-c0ef4ea,2159.99,2699.99,540.0,,Faizsiz təklif Yalnız online sifariş -540 AZN,120.0
M4M5VWL,HP P4G1i16 (AD2L5ET),https://irshad.az/az/mehsullar/hp-p4g1i16-ad2l5et,2149.99,2649.99,500.0,,Faizsiz təklif Yalnız online sifariş -500 AZN,119.44
TVKYNA0,HP PB 450G10 (85B73EA),https://irshad.az/az/mehsullar/hp-pb-450g10-85b73ea,1969.99,2269.99,300.0,,Faizsiz təklif Yalnız online sifariş -300 AZN,109.44
BSYXKUD,Asus ROG Strix G16G614PP-S5065 (90NR0L67-M00320),https://irshad.az/az/mehsullar/asus-rog-strix-g16g614pp-s5065-90nr0l67-m00320-2,4299.99,5599.99,1300.0,,Faizsiz təklif Yalnız online sifariş -1300 AZN,238.89
P4J1JB5,HP OmniBook 5 NGAI16-ag1011ci (C0EE9EA),https://irshad.az/az/mehsullar/hp-omnibook-5-ngai16-ag1011ci-c0ee9ea,2249.99,2829.99,580.0,,Faizsiz təklif Yalnız online sifariş -580 AZN,125.0
HOFDPHO,HP OmniBook 5 Flip 14-fp0004ci (C0EE3EA),https://irshad.az/az/mehsullar/hp-omnibook-5-flip-14-fp0004ci-c0ee3ea,2149.99,2499.99,350.0,,Faizsiz təklif Yalnız online sifariş -350 AZN,119.44
I7VDEW9,HP OmniBook 5 Laptop16-bc1002ci (C0EF5EA),https://irshad.az/az/mehsullar/hp-omnibook-5-laptop16-bc1002ci-c0ef5ea,2109.99,2629.99,520.0,,Faizsiz təklif Yalnız online sifariş -520 AZN,117.22
RTRJHM6,HP OmniBook 5 Flip 14-fp0017ci (BZ1H8EA),https://irshad.az/az/mehsullar/hp-omnibook-5-flip-14-fp0017ci-bz1h8ea,1749.99,2099.99,350.0,,Faizsiz təklif Yalnız online sifariş -350 AZN,97.22
AYXWUGO,HP OmniBook 5 Laptop16-bc1004ci (C16LHEA),https://irshad.az/az/mehsullar/hp-omnibook-5-laptop16-bc1004ci-c16lhea-2,1699.99,2089.99,390.0,,Faizsiz təklif Yalnız online sifariş -390 AZN,94.44
FOL0XIE,Asus ROG Strix G18 G815JPR-S9056 (90NR0LM1-M002T0),https://irshad.az/az/mehsullar/asus-rog-strix-g18-g815jpr-s9056-90nr0lm1-m002t0-2,4799.99,5699.99,900.0,,Faizsiz təklif Yalnız online sifariş -900 AZN,266.67
Y0TCED7,HP PB440G10 (B39QGAT),https://irshad.az/az/mehsullar/hp-pb440g10-b39qgat,1499.99,1999.99,500.0,,Faizsiz təklif Yalnız online sifariş -500 AZN,83.33
UBBMSPD,HP P4G1i16 (AD2L2ET),https://irshad.az/az/mehsullar/hp-p4g1i16-ad2l2et,1969.99,2079.99,110.0,,Faizsiz təklif Yalnız online sifariş -110 AZN,109.44
B3KYWVZ,Asus VivoBook S E1504FA-BQ090 (90NB16F2-M009C0),https://irshad.az/az/mehsullar/asus-vivobook-s-e1504fa-bq090-90nb16f2-m009c0-2,1529.99,1889.99,360.0,,Faizsiz təklif Yalnız online sifariş -360 AZN,85.0
KHRTTTZ,Asus ROG Strix G16 G615JMR-S5119 (90NR0LB1-M005E0),https://irshad.az/az/mehsullar/asus-rog-strix-g16-g615jmr-s5119-90nr0lb1-m005e0-105242,3599.99,4999.99,1400.0,,Faizsiz təklif Yalnız online sifariş -1400 AZN,200.0
ZNOBL0E,ASUS TUF Gaming F16 FX608JPR-RV019 (90NR0NG1-M00350),https://irshad.az/az/mehsullar/asus-tuf-gaming-f16-fx608jpr-rv019-90nr0ng1-m00350,3269.99,4699.99,1430.0,,Faizsiz təklif Yalnız online sifariş -1430 AZN,181.67
1PKFTVS,ASUS V16 V3607VM-RP049 (90NB16K1-M003U0),https://irshad.az/az/mehsullar/asus-v16-v3607vm-rp049-90nb16k1-m003u0,2399.99,2799.99,400.0,,Faizsiz təklif Yalnız online sifariş -400 AZN,133.33
J0B1LMZ,HP Victus 16-r1036nia  (C34G9EA),https://irshad.az/az/mehsullar/hp-victus-16-r1036nia-c34g9ea,1969.99,2499.99,530.0,Stokda var,Stokda var Faizsiz təklif -530 AZN,109.44
SYQAUPT,HP 250 G9 Celeron (B2NP1ES),https://irshad.az/az/mehsullar/hp-250-g9-celeron-b2np1es,569.99,699.99,130.0,Stokda var,Stokda var Faizsiz təklif -130 AZN,31.67
ELMB1ZC,Asus Vivobook  X1504VA - NJ1860  12GB  (90NB10J2-M02DS0),https://irshad.az/az/mehsullar/asus-vivobook-x1504va-nj1860-12gb-90nb10j2-m02ds0-2,1059.99,1349.99,290.0,,Stokda var - Məhdud sayda Faizsiz təklif -290 AZN,58.89
HTVDBDZ,HP Victus 16-R1017nia (9X6Z6EA),https://irshad.az/az/mehsullar/hp-victus-16-r1017nia-9x6z6ea,2929.99,3499.99,570.0,,Stokda var - Məhdud sayda Faizsiz təklif -570 AZN,162.78
UWNK2B5,Lenovo IdeaPad V15 G4  (83A1004SAK),https://irshad.az/az/mehsullar/lenovo-ideapad-v15-g4-83a1004sak,719.99,929.99,210.0,,Stokda var - Məhdud sayda Faizsiz təklif -210 AZN,40.0
1ELLXZN,HP 15-fd0133wm  (B4KT4UA),https://irshad.az/az/mehsullar/hp-15-fd0133wm-b4kt4ua,769.99,999.99,230.0,Stokda var,Stokda var Faizsiz təklif -230 AZN,42.78
H2KZX23,HP 15-fd0132wm  (9C9A3UA),https://irshad.az/az/mehsullar/hp-15-fd0132wm-9c9a3ua,759.99,999.99,240.0,,Stokda var - Məhdud sayda Faizsiz təklif -240 AZN,42.22
NGJQ7PZ,HP Victus 16-R1012nia  (A7KC3EA),https://irshad.az/az/mehsullar/hp-victus-16-r1012nia-a7kc3ea,2549.99,3299.99,750.0,,Stokda var - Məhdud sayda Faizsiz təklif -750 AZN,141.67
66CU4GX,HP 15-fd0044nq  (95S07EA),https://irshad.az/az/mehsullar/hp-15-fd0044nq-95s07ea,799.99,1049.99,250.0,Stokda var,Stokda var Faizsiz təklif -250 AZN,44.44
NCCYVJO,HP Laptop 15-fd0042nq (95S05EA),https://irshad.az/az/mehsullar/hp-laptop-15-fd0042nq-95s05ea,799.99,1049.99,250.0,Stokda var,Stokda var Faizsiz təklif -250 AZN,44.44
OWSVIDF,Asus  X1504VA- NJ725  (90NB10J2-M02ZZ0),https://irshad.az/az/mehsullar/asus-x1504va-nj725-90nb10j2-m02zz0-2,799.99,1049.99,250.0,Stokda var,Stokda var Faizsiz təklif -250 AZN,44.44
4L4GCI2,Acer Aspire GO 15 AG15-51P-50C1 (NXJ51EX00R),https://irshad.az/az/mehsullar/acer-aspire-go-15-ag15-51p-50c1-nxj51ex00r,989.99,1399.99,410.0,,Stokda var - Məhdud sayda Faizsiz təklif -410 AZN,55.0
CLZ950M,HP ZB16G11 (62X91EA),https://irshad.az/az/mehsullar/hp-zb16g11-62x91ea-2,5999.99,7999.99,2000.0,,Faizsiz təklif Yalnız online sifariş -2000 AZN,333.33
RBIIFJ4,HP ZBSG11 (8S9S9EA),https://irshad.az/az/mehsullar/hp-zbsg11-8s9s9ea-2,5249.99,6949.99,1700.0,,Faizsiz təklif Yalnız online sifariş -1700 AZN,291.67
CAQDSLF,HP ZBSG11 (8S9S8EA),https://irshad.az/az/mehsullar/hp-zbsg11-8s9s8ea-2,4299.99,5599.99,1300.0,,Faizsiz təklif Yalnız online sifariş -1300 AZN,238.89
HY8RBKZ,HP ZB16G11 (62X97EA),https://irshad.az/az/mehsullar/hp-zb16g11-62x97ea-2,4299.99,5599.99,1300.0,,Faizsiz təklif Yalnız online sifariş -1300 AZN,238.89
V5AMNJT,HP OmniBook Ultra Flip 14-fh0003 (B5JQ7EA),https://irshad.az/az/mehsullar/hp-omnibook-ultra-flip-14-fh0003-b5jq7ea-2,4659.99,4999.99,340.0,,Faizsiz təklif Yalnız online sifariş -340 AZN,258.89
GILLLEG,HP Ex3601040G11 (A36X9ET),https://irshad.az/az/mehsullar/hp-ex3601040g11-a36x9et-2,3929.99,4849.99,920.0,,Faizsiz təklif Yalnız online sifariş -920 AZN,218.33
CQOZMYR,HP ZFly16G11 (8T117EA),https://irshad.az/az/mehsullar/hp-zfly16g11-8t117ea-2,3219.99,5199.99,1980.0,,Faizsiz təklif Yalnız online sifariş -1980 AZN,178.89
IV2TQUU,HP OmniBook Ultra Flip 14-fh0008 (B5JQ8EA),https://irshad.az/az/mehsullar/hp-omnibook-ultra-flip-14-fh0008-b5jq8ea-2,4069.99,4389.99,320.0,,Faizsiz təklif Yalnız online sifariş -320 AZN,226.11
NRSDB6L,HP OmniBook Ultra Flip 14-fh0009ci (B5JQ9EA),https://irshad.az/az/mehsullar/hp-omnibook-ultra-flip-14-fh0009ci-b5jq9ea-2,4059.99,4379.99,320.0,,Faizsiz təklif Yalnız online sifariş -320 AZN,225.56
1QJAGQB,HP EB660G11 (9Y7D6ET),https://irshad.az/az/mehsullar/hp-eb660g11-9y7d6et-2,2999.99,3999.99,1000.0,,Faizsiz təklif Yalnız online sifariş -1000 AZN,166.67
I0ODNVP,HP ZFly14G11 (8T0K7EA),https://irshad.az/az/mehsullar/hp-zfly14g11-8t0k7ea,3199.99,4299.99,1100.0,,Faizsiz təklif Yalnız online sifariş -1100 AZN,177.78
WXNXUWD,HP Elitbook EB660 G11 (A37W0ET),https://irshad.az/az/mehsullar/hp-elitbook-eb660-g11-a37w0et,2739.99,3369.99,630.0,,Faizsiz təklif Yalnız online sifariş -630 AZN,152.22
1WAA0ZC,HP EB660G11 (9Y7D5ET),https://irshad.az/az/mehsullar/hp-eb660g11-9y7d5et,2539.99,3189.99,650.0,,Faizsiz təklif Yalnız online sifariş -650 AZN,141.11
QY8EV3I,HP PB460G11 (A23BYEA),https://irshad.az/az/mehsullar/hp-pb460g11-a23byea,2879.99,3099.99,220.0,,Faizsiz təklif Yalnız online sifariş -220 AZN,160.0
HDARDQ9,HP PB460G11 (A38FLET),https://irshad.az/az/mehsullar/hp-pb460g11-a38flet,2809.99,3019.99,210.0,,Faizsiz təklif Yalnız online sifariş -210 AZN,156.11
4L6X5JM,HP PB460G11 (AD0W7ET),https://irshad.az/az/mehsullar/hp-pb460g11-ad0w7et-2,2799.99,3019.99,220.0,,Faizsiz təklif Yalnız online sifariş -220 AZN,155.56
1QHH5DK,HP PB450G10 (9G213ET),https://irshad.az/az/mehsullar/hp-pb450g10-9g213et-2,2899.99,3599.99,700.0,,Faizsiz təklif Yalnız online sifariş -700 AZN,161.11
QEIPH7I,HP PB460G11 (AD0X0ET),https://irshad.az/az/mehsullar/hp-pb460g11-ad0x0et-2,2749.99,2969.99,220.0,,Faizsiz təklif Yalnız online sifariş -220 AZN,152.78
HPG68VX,HP PB460G11 (AD1X2ET),https://irshad.az/az/mehsullar/hp-pb460g11-ad1x2et-2,2399.99,2979.99,580.0,,Faizsiz təklif Yalnız online sifariş -580 AZN,133.33
OIG4WU6,HP Pavilion Laptop 16-af0013ci (B5JR8EA),https://irshad.az/az/mehsullar/hp-pavilion-laptop-16-af0013ci-b5jr8ea-2,2749.99,2969.99,220.0,,Faizsiz təklif Yalnız online sifariş -220 AZN,152.78
YYEHUFB,HP All-in-One 27-cr1004ci PC (A33HKEA),https://irshad.az/az/mehsullar/hp-all-in-one-27-cr1004ci-pc-a33hkea-2,1849.99,2349.99,500.0,,Stokda var - Məhdud sayda Faizsiz təklif -500 AZN,102.78
UBLNROW,HP All-in-One 24-cr1002ci PC (A5JQ3EA),https://irshad.az/az/mehsullar/hp-all-in-one-24-cr1002ci-pc-a5jq3ea,1919.99,2249.99,330.0,,Stokda var - Məhdud sayda Faizsiz təklif -330 AZN,106.67
R7OMMQV,HP All-in-One 24-cr1003ci PC (A5JR0EA),https://irshad.az/az/mehsullar/hp-all-in-one-24-cr1003ci-pc-a5jr0ea,1809.99,2249.99,440.0,,Stokda var - Məhdud sayda Faizsiz təklif -440 AZN,100.56
RPMSIO5,HP PB440 G10 (A38G6ET),https://irshad.az/az/mehsullar/hp-pb440-g10-a38g6et-2,1999.99,2499.99,500.0,,Faizsiz təklif Yalnız online sifariş -500 AZN,111.11
211MCEQ,HP 250G10 i7-1360P (968S6ET),https://irshad.az/az/mehsullar/hp-250g10-i7-1360p-968s6et-2,1899.99,2349.99,450.0,,Faizsiz təklif Yalnız online sifariş -450 AZN,105.56
IUAT9BM,Asus ZenBook UM5606WA-RK252W (90NB13M2-M00DV0),https://irshad.az/az/mehsullar/asus-zenbook-um5606wa-rk252w-90nb13m2-m00dv0-2,3879.99,4759.99,880.0,,Faizsiz təklif Yalnız online sifariş -880 AZN,215.56
XPFSLBS,Asus ZenBook UM5606RK282W (90NB13M2-M00H40),https://irshad.az/az/mehsullar/asus-zenbook-um5606rk282w-90nb13m2-m00h40-2,3879.99,4759.99,880.0,,Faizsiz təklif Yalnız online sifariş -880 AZN,215.56
OVIV0EI,Asus ZenBook UX3407QA-QD428W (90NB1502-M00TB0),https://irshad.az/az/mehsullar/asus-zenbook-ux3407qa-qd428w-90nb1502-m00tb0-2,2499.99,3499.99,1000.0,,Faizsiz təklif Yalnız online sifariş -1000 AZN,138.89
RJBVBRH,Lenovo LOQ 15AHP10 (83JG000XRK),https://irshad.az/az/mehsullar/lenovo-loq-15ahp10-83jg000xrk,2439.99,2969.99,530.0,,Faizsiz təklif Yalnız online sifariş -530 AZN,135.56
TRBPOK9,Lenovo ThinkPad T14 Gen 5 (21ML009DRT),https://irshad.az/az/mehsullar/lenovo-thinkpad-t14-gen-5-21ml009drt-104989,2989.99,3489.99,500.0,,Faizsiz təklif Yalnız online sifariş -500 AZN,166.11
H87MQP6,Lenovo ThinkPad E16 Gen 3 (21ST002TFW),https://irshad.az/az/mehsullar/lenovo-thinkpad-e16-gen-3-21st002tfw,1899.99,2239.99,340.0,,Faizsiz təklif Yalnız online sifariş -340 AZN,105.56
4QLNSHU,Lenovo ThinkBook 16 G8 IAL (21SK007URT),https://irshad.az/az/mehsullar/lenovo-thinkbook-16-g8-ial-21sk007urt,1999.99,2999.99,1000.0,,Faizsiz təklif Yalnız online sifariş -1000 AZN,111.11
JFC9OWA,Lenovo IdeaPad Slim 5 16IRH10R (83J1004TRK),https://irshad.az/az/mehsullar/lenovo-ideapad-slim-5-16irh10r-83j1004trk,2199.99,2599.99,400.0,,Faizsiz təklif Yalnız online sifariş -400 AZN,122.22
J6VKP3S,Lenovo IdeaPad Slim 5 16IRH10 (83HS0072RK),https://irshad.az/az/mehsullar/lenovo-ideapad-slim-5-16irh10-83hs0072rk,1999.99,2299.99,300.0,,Faizsiz təklif Yalnız online sifariş -300 AZN,111.11
F5NP1FV,Lenovo IdeaPad 1 15AMN7 (82VG00UURK),https://irshad.az/az/mehsullar/lenovo-ideapad-1-15amn7-82vg00uurk,829.99,999.99,170.0,Stokda var,Stokda var Faizsiz təklif -170 AZN,46.11
J0TLEIC,ASUS TUF Gaming A18 FA808UH-S8052 (90NR0NM1-M002K0),https://irshad.az/az/mehsullar/asus-tuf-gaming-a18-fa808uh-s8052-90nr0nm1-m002k0-2,2799.99,3799.99,1000.0,,Faizsiz təklif Yalnız online sifariş -1000 AZN,155.56
G06S61E,ASUS  TUF Gaming A14 FA401UH-RG017 (90NR0KQ1-M000X0),https://irshad.az/az/mehsullar/asus-tuf-gaming-a14-fa401uh-rg017-90nr0kq1-m000x0-2,2859.99,3439.99,580.0,,Faizsiz təklif Yalnız online sifariş -580 AZN,158.89
18RTTBG,ASUS  TUF Gaming F16 FX607VJ-RL005 (90NR0MZ6-M00050),https://irshad.az/az/mehsullar/asus-tuf-gaming-f16-fx607vj-rl005-90nr0mz6-m00050-2,1879.99,2189.99,310.0,,Faizsiz təklif Yalnız online sifariş -310 AZN,104.44
NFTMQVB,HP P4G1i14 (AD2M0ET),https://irshad.az/az/mehsullar/hp-p4g1i14-ad2m0et-2,1899.99,2399.99,500.0,,Faizsiz təklif Yalnız online sifariş -500 AZN,105.56
MPTAGLZ,ASUS ExpertBook P5 P5405CSA-NZ0209 (90NX0861-M008B0),https://irshad.az/az/mehsullar/asus-expertbook-p5-p5405csa-nz0209-90nx0861-m008b0-2,2599.99,3599.99,1000.0,,Faizsiz təklif Yalnız online sifariş -1000 AZN,144.44
8LWNGLY,ASUS ExpertBook P5 P5405CSA-NZ0208 (90NX0861-M008A0),https://irshad.az/az/mehsullar/asus-expertbook-p5-p5405csa-nz0208-90nx0861-m008a0-2,2269.99,2899.99,630.0,,Faizsiz təklif Yalnız online sifariş -630 AZN,126.11
3BK3Z42,HP Laptop 15-fd1030ci (B5JR3EA),https://irshad.az/az/mehsullar/hp-laptop-15-fd1030ci-b5jr3ea-2,1549.99,1869.99,320.0,,Faizsiz təklif Yalnız online sifariş -320 AZN,86.11
FB01UEW,ASUS ExpertBook B1 B1503CVA-S72897 (90NX0801-M036E0),https://irshad.az/az/mehsullar/asus-expertbook-b1-b1503cva-s72897-90nx0801-m036e0-2,1299.99,1469.99,170.0,,Faizsiz təklif Yalnız online sifariş -170 AZN,72.22
OLVWJYM,ASUS ExpertBook B1 B1503CVA-S70461(90NX0801-M00VZ0),https://irshad.az/az/mehsullar/asus-expertbook-b1-b1503cva-s70461-90nx0801-m00vz0-2,1149.99,1399.99,250.0,,Faizsiz təklif Yalnız online sifariş -250 AZN,63.89
ORZLTCY,Asus ExpertBook B1 B1503CVA-S71877 (90NX0801-M021C0),https://irshad.az/az/mehsullar/asus-expertbook-b1-b1503cva-s71877-90nx0801-m021c0-2,959.99,1149.99,190.0,,Faizsiz təklif Yalnız online sifariş -190 AZN,53.33
T7CS5RK,Asus VivoBook 18 M1807HA-S8055 (90NB15P1-M002R0),https://irshad.az/az/mehsullar/asus-vivobook-18-m1807ha-s8055-90nb15p1-m002r0-2,2129.99,2449.99,320.0,,Faizsiz təklif Yalnız online sifariş -320 AZN,118.33
9EM3MOM,HP PB450 G10 (9B9D8EA),https://irshad.az/az/mehsullar/hp-pb450-g10-9b9d8ea-2,2099.99,2799.99,700.0,,Faizsiz təklif Yalnız online sifariş -700 AZN,116.67
EVIWLV4,HP PB450G10 (9G251ET),https://irshad.az/az/mehsullar/hp-pb450g10-9g251et-2,2199.99,2799.99,600.0,,Faizsiz təklif Yalnız online sifariş -600 AZN,122.22
HCQQTJL,HP OmniBook 5 Laptop 16-af1013ci (BK9Y8EA),https://irshad.az/az/mehsullar/hp-omnibook-5-laptop-16-af1013ci-bk9y8ea-2,2099.99,2599.99,500.0,,Faizsiz təklif Yalnız online sifariş -500 AZN,116.67
CKU9IMY,HP 250G10 (8A545EA),https://irshad.az/az/mehsullar/hp-250g10-8a545ea-2,2259.99,2429.99,170.0,,Faizsiz təklif Yalnız online sifariş -170 AZN,125.56
R8Q0WNU,HP PB450G10 (9G1Q9ET),https://irshad.az/az/mehsullar/hp-pb450g10-9g1q9et-2,2079.99,2239.99,160.0,,Faizsiz təklif Yalnız online sifariş -160 AZN,115.56
UNG9WZJ,HP PB 450G10 (9C0P1EA),https://irshad.az/az/mehsullar/hp-pb-450g10-9c0p1ea-2,1589.99,1969.99,380.0,,Faizsiz təklif Yalnız online sifariş -380 AZN,88.33
TAW4BJP,HP 250G10 (8A540EA),https://irshad.az/az/mehsullar/hp-250g10-8a540ea-2,1749.99,1889.99,140.0,,Faizsiz təklif Yalnız online sifariş -140 AZN,97.22
VVGP3WZ,HP OmniBook 5 Laptop16-ba1007ci (BG7J9EA),https://irshad.az/az/mehsullar/hp-omnibook-5-laptop16-ba1007ci-bg7j9ea-2,1699.99,2199.99,500.0,,Faizsiz təklif Yalnız online sifariş -500 AZN,94.44
NQEKS2D,HP Laptop 15-fd0102ci (9S1L8EA),https://irshad.az/az/mehsullar/hp-laptop-15-fd0102ci-9s1l8ea-2,1649.99,2149.99,500.0,,Faizsiz təklif Yalnız online sifariş -500 AZN,91.67
93FDZR6,ASUS ROG Strix G16 G614FR-RV008 (90NR0M71-M000Z0),https://irshad.az/az/mehsullar/asus-rog-strix-g16-g614fr-rv008-90nr0m71-m000z0-2,3499.99,4999.99,1500.0,,Faizsiz təklif Yalnız online sifariş -1500 AZN,194.44
2HGB0XD,ASUS ROG Gaming A18 FA808UM-S8030 (90NR0LF1-M00470),https://irshad.az/az/mehsullar/asus-rog-gaming-a18-fa808um-s8030-90nr0lf1-m00470-2,10199.99,11499.99,1300.0,,Faizsiz təklif Yalnız online sifariş -1300 AZN,566.67
LO6PBPJ,ASUS TUF Gaming F16 FX607VU-RL112 (90NR0NL1-M00390),https://irshad.az/az/mehsullar/asus-tuf-gaming-f16-fx607vu-rl112-90nr0nl1-m00390-2,3319.99,3869.99,550.0,,Faizsiz təklif Yalnız online sifariş -550 AZN,184.44
1W4ZA1U,Acer Extensa 15 EX215-57-56ZN (NX.EJAER.008),https://irshad.az/az/mehsullar/acer-extensa-15-ex215-57-56zn-nx-ejaer-008,1079.99,1399.99,320.0,Stokda var,Stokda var Faizsiz təklif -320 AZN,60.0
H9O8LO0,HP 250 G9  (5Y439EA),https://irshad.az/az/mehsullar/hp-250-g9-5y439ea,569.99,699.99,130.0,,Stokda var - Məhdud sayda Faizsiz təklif -130 AZN,31.67
FBIRUKX,Asus ROG Strix SCAR 16 G635LX-RW044W (90NR0L81-M00440),https://irshad.az/az/mehsullar/asus-rog-strix-scar-16-g635lx-rw044w-90nr0l81-m00440-2,9999.99,11099.99,1100.0,,Faizsiz təklif Yalnız online sifariş -1100 AZN,555.56
944UVA7,ASUS ROG Flow Z13 GZ302EA-RU003W (90NR0JY1-M00030),https://irshad.az/az/mehsullar/asus-rog-flow-z13-gz302ea-ru003w-90nr0jy1-m00030-2,5509.99,6429.99,920.0,,Faizsiz təklif Yalnız online sifariş -920 AZN,306.11
QP0FRQ7,ASUS ProArt P16 OLED H7606WP-ME135X (90NB15K1-M00950),https://irshad.az/az/mehsullar/asus-proart-p16-oled-h7606wp-me135x-90nb15k1-m00950-2,6919.99,7449.99,530.0,,Faizsiz təklif Yalnız online sifariş -530 AZN,384.44
SIS5KH7,ASUS ProArt P16 OLED H7606WM-ME020 (90NB15L1-M00500),https://irshad.az/az/mehsullar/asus-proart-p16-oled-h7606wm-me020-90nb15l1-m00500-4,5359.99,5769.99,410.0,,Faizsiz təklif Yalnız online sifariş -410 AZN,297.78
IX3EQFJ,Asus X1504VA-BQ143 (90NB10J1-M00VN0),https://irshad.az/az/mehsullar/asus-x1504va-bq143-90nb10j1-m00vn0-2,799.99,1049.99,250.0,,Stokda var - Məhdud sayda Faizsiz təklif -250 AZN,44.44
T3DPYDA,HP Victus 16-r1032nia (B1UM1EA),https://irshad.az/az/mehsullar/hp-victus-16-r1032nia-b1um1ea-2,2029.99,2499.99,470.0,,Stokda var - Məhdud sayda Faizsiz təklif -470 AZN,112.78
KLBWGKJ,HP 15-fd0496nia (B6QQ8EA),https://irshad.az/az/mehsullar/hp-15-fd0496nia-b6qq8ea,1059.99,1349.99,290.0,,Stokda var - Məhdud sayda Faizsiz təklif -290 AZN,58.89
QA54K4H,HP 250 G10 (AD1P0ET),https://irshad.az/az/mehsullar/hp-250-g10-ad1p0et,819.99,1049.99,230.0,Stokda var,Stokda var Faizsiz təklif -230 AZN,45.56
SBAG7PR,Hp Victus Gaming Laptop 16-r1060ci (A9MX4EA),https://irshad.az/az/mehsullar/hp-victus-gaming-laptop-16-r1060ci-a9mx4ea-2,2839.99,3499.99,660.0,,Faizsiz təklif Yalnız online sifariş -660 AZN,157.78
FJYMER7,HP OmniBook Ultra Flip (B54Z8EA),https://irshad.az/az/mehsullar/hp-omnibook-ultra-flip-b54z8ea,4289.99,4529.99,240.0,,Faizsiz təklif Yalnız online sifariş -240 AZN,238.33
PYXZTQX,HP OmniBook Ultra Flip (B54Z9EA),https://irshad.az/az/mehsullar/hp-omnibook-ultra-flip-b54z9ea,3809.99,4019.99,210.0,,Faizsiz təklif Yalnız online sifariş -210 AZN,211.67
IZDJG8S,HP OmniBook 5 (BG7H8EA),https://irshad.az/az/mehsullar/hp-omnibook-5-bg7h8ea,2059.99,2179.99,120.0,,Faizsiz təklif Yalnız online sifariş -120 AZN,114.44
33AEBHP,HP OmniBook 5 (BG7H7EA),https://irshad.az/az/mehsullar/hp-omnibook-5-bg7h7ea,1649.99,2049.99,400.0,,Faizsiz təklif Yalnız online sifariş -400 AZN,91.67
LXST1PV,HP EliteBook 660 G11 (A26WGEA),https://irshad.az/az/mehsullar/hp-250g10-i5-1334u-15-8g512-pc-9y716at-104310-104312-104319-104320-104321-104323-104324,2149.99,3029.99,880.0,,Faizsiz təklif Yalnız online sifariş -880 AZN,119.44
7XTU2VS,HP 250R G10 (AD1U0ET),https://irshad.az/az/mehsullar/hp-250r-g10-ad1u0et,1829.99,2229.99,400.0,,Faizsiz təklif Yalnız online sifariş -400 AZN,101.67
SI3FDWH,HP EB660 G11 (9C005EA),https://irshad.az/az/mehsullar/hp-250g10-i5-1334u-15-8g512-pc-9y716at-104310-104312-104319-104320-104321,1769.99,2179.99,410.0,,Faizsiz təklif Yalnız online sifariş -410 AZN,98.33
GQOQFJJ,Notbuk HP Pavilion Laptop 16-af0015ci (B0QT7EA),https://irshad.az/az/mehsullar/hp-250g10-i5-1334u-15-8g512-pc-9y716at-104310-104312,1999.99,2299.99,300.0,,Faizsiz təklif Yalnız online sifariş -300 AZN,111.11
3NSLWEU,ASUS ROG Zephyrus G16 OLED GU605CR-QR212 (2025)(90NR0LZ6-M00B30),https://irshad.az/az/mehsullar/asus-crosshair-16-hx-d14vfkg-688xaz9s7-15p223-688-104262-az-104268-104269-104270-104271-104272-104273-104274-104275-104277-104278-104279-104280-104281-104282-104283-104285-104286-104287-104288,5799.99,7999.99,2200.0,,Faizsiz təklif Yalnız online sifariş -2200 AZN,322.22
5SWNMCP,ASUS ROG Zephyrus G16 OLED GU605CP-QR040(90NR0MM2-M001S0),https://irshad.az/az/mehsullar/asus-rog-zephyrus-g16-oled-gu605cp-qr040-90nr0mm2-m001s0-2,5199.99,7699.99,2500.0,,Faizsiz təklif Yalnız online sifariş -2500 AZN,288.89
PUOKIVH,ASUS ROG Zephyrus G14 OLED GA403WW-QS083 (2025)(90NR0MA3-M00450),https://irshad.az/az/mehsullar/asus-crosshair-16-hx-d14vfkg-688xaz9s7-15p223-688-104262-az-104268-104269-104270-104271-104272-104273-104274-104275-104277-104278-104279-104280-104281-104282-104283-104285,7499.99,8949.99,1450.0,,Faizsiz təklif Yalnız online sifariş -1450 AZN,416.67
XDQKTCC,ASUS ROG Zephyrus G14 OLED GA403WR-QS126 (90NR0M54-M006F0),https://irshad.az/az/mehsullar/asus-rog-zephyrus-g14-oled-ga403wr-qs126-90nr0m54-m006f0-2,5399.99,7999.99,2600.0,,Faizsiz təklif Yalnız online sifariş -2600 AZN,300.0
HLO4AF4,ASUS ROG Zephyrus G14 OLED GA403WR-QS093 (2025)(90NR0M53-M004X0),https://irshad.az/az/mehsullar/asus-crosshair-16-hx-d14vfkg-688xaz9s7-15p223-688-104262-az-104268-104269-104270-104271-104272-104273-104274-104275-104277-104278-104279-104280-104281-104282,5999.99,6669.99,670.0,,Faizsiz təklif Yalnız online sifariş -670 AZN,333.33
1KPVU92,ASUS ROG Zephyrus G14 OLED GA403WP-QS034 (90NR0LW1-M00220),https://irshad.az/az/mehsullar/asus-rog-zephyrus-g14-oled-ga403wp-qs034-90nr0lw1-m00220-2,4549.99,6549.99,2000.0,,Faizsiz təklif Yalnız online sifariş -2000 AZN,252.78
HXTRP5Z,Asus ROG Strix G18 G815LW-S9014 (90NR0LC1-M000F0),https://irshad.az/az/mehsullar/asus-rog-strix-g18-g815lw-s9014-90nr0lc1-m000f0-2,7219.99,8699.99,1480.0,,Faizsiz təklif Yalnız online sifariş -1480 AZN,401.11
CBVOVFA,ASUS ROG Strix G16 G615LW-S5004 (2025)(90NR0LG1-M00040),https://irshad.az/az/mehsullar/asus-rog-strix-g16-g615lw-s5004-2025-90nr0lg1-m00040-2,6999.99,7699.99,700.0,,Faizsiz təklif Yalnız online sifariş -700 AZN,388.89
2HQDBZE,Asus ROG Strix SCAR 18 G835LR-SA005(90NR0LS1-M00050),https://irshad.az/az/mehsullar/asus-rog-strix-scar-18-g835lr-sa005-90nr0ls1-m00050-2,6299.99,8999.99,2700.0,,Faizsiz təklif Yalnız online sifariş -2700 AZN,350.0
6ZAOWOB,Asus ROG Strix G18 G815LR-S9085(90NR0LT1-M00390),https://irshad.az/az/mehsullar/asus-rog-strix-g18-g815lr-s9085-90nr0lt1-m00390-2,5499.99,7999.99,2500.0,,Faizsiz təklif Yalnız online sifariş -2500 AZN,305.56
M75S6UG,Asus ROG Strix G16 G615LR-S5192(90NR0LR1-M007S0),https://irshad.az/az/mehsullar/asus-rog-strix-g16-g615lr-s5192-90nr0lr1-m007s0,5499.99,7999.99,2500.0,,Faizsiz təklif Yalnız online sifariş -2500 AZN,305.56
OENQAGU,Asus ROG Strix G16 G614FR-RV008(90NR0NK7-M000B0),https://irshad.az/az/mehsullar/asus-rog-strix-g16-g614fr-rv008-90nr0nk7-m000b0,4399.99,6399.99,2000.0,,Faizsiz təklif Yalnız online sifariş -2000 AZN,244.44
PEBZKWA,ASUS ROG Strix G18 G815JMR-S9092(90NR0LE1-M004U0),https://irshad.az/az/mehsullar/asus-rog-strix-g18-g815jmr-s9092-90nr0le1-m004u0,4199.99,6199.99,2000.0,,Faizsiz təklif Yalnız online sifariş -2000 AZN,233.33
XQLKAZS,ASUS TUF Gaming A18 FA808UM-S8030(90NR0NN1-M001M0),https://irshad.az/az/mehsullar/asus-tuf-gaming-a18-fa808um-s8030-90nr0nn1-m001m0,2999.99,3999.99,1000.0,,Faizsiz təklif Yalnız online sifariş -1000 AZN,166.67
3XCS3ZU,ASUS TUF Gaming F16 FX608JMR-RV037(90NR0NB1-M002S0),https://irshad.az/az/mehsullar/asus-tuf-gaming-f16-fx608jmr-rv037-90nr0nb1-m002s0,3149.99,3899.99,750.0,,Faizsiz təklif Yalnız online sifariş -750 AZN,175.0
PWQLXAH,ASUS ROG Strix G16 G614FH-RV024(90NR0L07-M000X0),https://irshad.az/az/mehsullar/asus-rog-strix-g16-g614fh-rv024-90nr0l07-m000x0,3299.99,4299.99,1000.0,,Faizsiz təklif Yalnız online sifariş -1000 AZN,183.33
I3HSAPH,ASUS TUF Gaming F16 FX607VU-RL112(90NR0N06-M007E0),https://irshad.az/az/mehsullar/asus-tuf-gaming-f16-fx607vu-rl112-90nr0n06-m007e0,2349.99,2739.99,390.0,,Faizsiz təklif Yalnız online sifariş -390 AZN,130.56
1RGLO26,HP 14-ep 1000ci (A16JYEA),https://irshad.az/az/mehsullar/hp-14-ep-1000ci-a16jyea,1849.99,2349.99,500.0,,Faizsiz təklif Yalnız online sifariş -500 AZN,102.78
103924,Lenovo IP Slim 3 15IRU8 (82X700D6RK),https://irshad.az/az/mehsullar/lenovo-ip-slim-3-15iru8-82x700d6rk,819.99,959.99,140.0,Stokda var,Stokda var Faizsiz təklif -140 AZN,45.56
103923,Lenovo IP 1 15IJL7 (82LX00EKRK),https://irshad.az/az/mehsullar/lenovo-ip-1-15ijl7-82lx00ekrk,539.99,659.99,120.0,Stokda var,Stokda var Faizsiz təklif -120 AZN,30.0
103922,Lenovo IP Slim 3 15IRH10 (83K1002VRK),https://irshad.az/az/mehsullar/lenovo-ip-slim-3-15irh10-83k1002vrk,1089.99,1399.99,310.0,,Stokda var - Məhdud sayda Faizsiz təklif -310 AZN,60.56
103911,HP 250R G9 (9Y6T0AT),https://irshad.az/az/mehsullar/hp-250r-g9-9y6t0at,1419.99,1529.99,110.0,,Faizsiz təklif Yalnız online sifariş -110 AZN,78.89
103906,HP 255 G10 (AL0A9AT),https://irshad.az/az/mehsullar/hp-255-g10-al0a9at,1149.99,1449.99,300.0,,Faizsiz təklif Yalnız online sifariş -300 AZN,63.89
103905,HP 250 G10 (9Y6X1AT),https://irshad.az/az/mehsullar/hp-250-g10-9y6x1at,1119.99,1199.99,80.0,,Faizsiz təklif Yalnız online sifariş -80 AZN,62.22
103904,НР Laptop 15-fc0041ci (8K826EA),https://irshad.az/az/mehsullar/nr-laptop-15-fc0041ci-8k826ea,1039.99,1119.99,80.0,,Faizsiz təklif Yalnız online sifariş -80 AZN,57.78
103880,Lenovo IP 1 15AMN7 (82VG00TRRK),https://irshad.az/az/mehsullar/lenovo-ip-1-15amn7-82vg00trrk,899.99,1079.99,180.0,Stokda var,Stokda var Faizsiz təklif -180 AZN,50.0
103873,Acer Extensa 15 EX215-57-75TD (NX.EJBER.004),https://irshad.az/az/mehsullar/acer-extensa-15-ex215-57-75td-nxejber004,1209.99,1599.99,390.0,Stokda var,Stokda var Faizsiz təklif -390 AZN,67.22
103845,LENOVO IP Slim 3 15IRH10 (83K1002URK),https://irshad.az/az/mehsullar/lenovo-ip-slim-3-15irh10-83k1002urk,1039.99,1349.99,310.0,Stokda var,Stokda var Faizsiz təklif -310 AZN,57.78
103672,Acer Aspire 5 A515-58M-79CS (NX.KQ8EX.003),https://irshad.az/az/mehsullar/acer-aspire-5-a515-58m-79cs-nxkq8ex003,1379.99,1599.99,220.0,,Stokda var - Məhdud sayda Faizsiz təklif -220 AZN,76.67
103318,ASUS ROG Zephyrus G14 OLED GA403UV-QS175 (90NR0I02-M00990),https://irshad.az/az/mehsullar/asus-rog-zephyrus-g14-oled-ga403uv-qs175-90nr0i02-m00990,3839.99,4119.99,280.0,,Faizsiz təklif Yalnız online sifariş -280 AZN,213.33
103316,ASUS ROG Strix SCAR 18 G835LW-SA013 (90NR0LI1-M00140) (2025),https://irshad.az/az/mehsullar/asus-rog-strix-scar-18-g835lw-sa013-90nr0li1-m00140-2025,7719.99,9849.99,2130.0,,Faizsiz təklif Yalnız online sifariş -2130 AZN,428.89
103314,ASUS ROG Strix SCAR 16 G635LW-RW036 (90NR0LD1-M001D0) (2025),https://irshad.az/az/mehsullar/asus-rog-strix-scar-16-g635lw-rw036-90nr0ld1-m001d0-2025,7639.99,9199.99,1560.0,,Faizsiz təklif Yalnız online sifariş -1560 AZN,424.44
103307,Asus ZenBook DUO OLED UX8406CA-PZ079W (90NB14X1-M00330) (2025),https://irshad.az/az/mehsullar/asus-zenbook-duo-oled-ux8406ca-pz079w-90nb14x1-m00330-2025,3999.99,4999.99,1000.0,,Faizsiz təklif Yalnız online sifariş -1000 AZN,222.22
103306,ASUS ZenBook Duo OLED UX8406CA-QL080W (90NB14X1-M00340) (2025),https://irshad.az/az/mehsullar/asus-zenbook-duo-oled-ux8406ca-ql080w-90nb14x1-m00340-2025,3589.99,4189.99,600.0,,Faizsiz təklif Yalnız online sifariş -600 AZN,199.44
103305,ASUS ZenBook S 14 OLED UX5406SA-PV037W (90NB14F2-M007Z0),https://irshad.az/az/mehsullar/asus-zenbook-s-14-oled-ux5406sa-pv037w-90nb14f2-m007z0,2949.99,3749.99,800.0,,Faizsiz təklif Yalnız online sifariş -800 AZN,163.89
103301,ASUS ZenBook S 14 OLED UX5406SA-PV036W (90NB14F1-M007V0),https://irshad.az/az/mehsullar/asus-zenbook-s-14-oled-ux5406sa-pv036w-90nb14f1-m007v0,2949.99,3749.99,800.0,,Faizsiz təklif Yalnız online sifariş -800 AZN,163.89
103293,ASUS ZenBook 14 OLED UM3406KA-QD130 (90NB14U1-M007L0),https://irshad.az/az/mehsullar/asus-zenbook-14-oled-um3406ka-qd130-90nb14u1-m007l0,2099.99,3099.99,1000.0,,Faizsiz təklif Yalnız online sifariş -1000 AZN,116.67
103290,Asus VivoBook S16 OLED M5606KA-RI036 (90NB1592-M00170),https://irshad.az/az/mehsullar/asus-vivobook-s16-oled-m5606ka-ri036-90nb1592-m00170,2399.99,3299.99,900.0,,Faizsiz təklif Yalnız online sifariş -900 AZN,133.33
103284,LENOVO YOGA 7 2-in-1 14ILL10 (83JQ005CRK) (2025),https://irshad.az/az/mehsullar/lenovo-yoga-7-2-in-1-14ill10-83jq005crk-2025,2499.99,3099.99,600.0,,Faizsiz təklif Yalnız online sifariş -600 AZN,138.89
103283,LENOVO YOGA 7 2-in-1 14ILL10 (83JQ005DRK) (2025),https://irshad.az/az/mehsullar/lenovo-ideapad-5-2-in-1-16ahp9-83ds0055rk-103283,2399.99,2699.99,300.0,,Faizsiz təklif Yalnız online sifariş -300 AZN,133.33
103281,LENOVO IdeaPad 5 2-in-1 16AHP9 (83DS0055RK),https://irshad.az/az/mehsullar/lenovo-ideapad-5-2-in-1-16ahp9-83ds0055rk,2049.99,2999.99,950.0,,Faizsiz təklif Yalnız online sifariş -950 AZN,113.89
103279,LENOVO V15 G4 AMN (82YU0080RU),https://irshad.az/az/mehsullar/lenovo-v15-g4-amn-82yu0080ru,799.99,949.99,150.0,,Faizsiz təklif Yalnız online sifariş -150 AZN,44.44
103260,HONOR MagicBook X14 Clound Gray (GDG-X) 2025,https://irshad.az/az/mehsullar/honor-magicbook-x14-clound-gray-gdg-x-2025,1199.99,1499.99,300.0,,Stokda var - Məhdud sayda Faizsiz təklif -300 AZN,66.67
103259,HONOR Magic Book X16 Space Gray (BRG-585) 2025,https://irshad.az/az/mehsullar/honor-magic-book-x16-space-gray-brg-585-2025,1159.99,1499.99,340.0,Stokda var,Stokda var Faizsiz təklif -340 AZN,64.44
103253,HONOR Magic Book X16  Space Gray 16GB (BRG-565) 2025,https://irshad.az/az/mehsullar/honor-magic-book-x16-space-gray-brg-565-2025,1379.99,1649.99,270.0,Stokda var,Stokda var Faizsiz təklif -270 AZN,76.67
103251,HONOR MagicBook X14 Space Gray (FRG-X) 2025,https://irshad.az/az/mehsullar/honor-magicbook-x14-space-gray-frg-x-2025,1299.99,1549.99,250.0,Stokda var,Stokda var Faizsiz təklif -250 AZN,72.22
103191,Acer Aspire 3 A325-45 (ZN.N01SI.03K),https://irshad.az/az/mehsullar/acer-aspire-3-a325-45-znn01si03k,569.99,649.99,80.0,Stokda var,Stokda var Faizsiz təklif -80 AZN,31.67
103185,HP Victus15-fb2139nw (A58SQEA),https://irshad.az/az/mehsullar/hp-victus15-fb2139nw-a58sqea,1999.99,2399.99,400.0,Stokda var,Stokda var Faizsiz təklif -400 AZN,111.11
103184,Lenovo IdeaPad 15IJL7 (82LX00D7PS),https://irshad.az/az/mehsullar/lenovo-ideapad-15ijl7-82lx00d7ps,509.99,629.99,120.0,Stokda var,Stokda var Faizsiz təklif -120 AZN,28.33
103183,HP Victus 15-fb1107NQ (99V16EA),https://irshad.az/az/mehsullar/hp-victus-15-fb1107nq-99v16ea,1449.99,1699.99,250.0,,Stokda var - Məhdud sayda Faizsiz təklif -250 AZN,80.56
103173,HP PB450 G10 (9G1R4ET),https://irshad.az/az/mehsullar/hp-pb450-g10-9g1r4et,1539.99,1659.99,120.0,,Faizsiz təklif Yalnız online sifariş -120 AZN,85.56
102974,Apple MacBook Air M4 (MC6U4RU),https://irshad.az/az/mehsullar/apple-macbook-air-m4-mc6u4ru,2879.99,3299.99,420.0,,Stokda var - Məhdud sayda Faizsiz təklif -420 AZN,160.0
102980,Apple MacBook Air M4 (MW1H3RU),https://irshad.az/az/mehsullar/apple-macbook-air-m4-mw1h3ru,3359.99,3829.99,470.0,Stokda var,Stokda var Faizsiz təklif -470 AZN,186.67
102762,Acer Extensa 15 EX215-57-34VC (NX.EJAER.003),https://irshad.az/az/mehsullar/acer-extensa-15-ex215-57-34vc-nxejaer003,839.99,999.99,160.0,Stokda var,Stokda var Faizsiz təklif -160 AZN,46.67
102723,Acer Nitro V 15 ANV15-41-R6KT (NHQSHER001),https://irshad.az/az/mehsullar/acer-nitro-v-15-anv15-41-r6kt-nhqsher001,1639.99,1999.99,360.0,Stokda var,Stokda var Faizsiz təklif -360 AZN,91.11
102721,Lenovo LOG 15IAX9 (83GS00EMRK),https://irshad.az/az/mehsullar/lenovo-log-15iax9-83gs00emrk,1639.99,1949.99,310.0,,Stokda var - Məhdud sayda Faizsiz təklif -310 AZN,91.11
102680,HP PB440 G11 (9G1W6ET),https://irshad.az/az/mehsullar/hp-pb440-g11-9g1w6et,2099.99,2269.99,170.0,,Faizsiz təklif Yalnız online sifariş -170 AZN,116.67
102675,HP PB 440 G10 (A38G9ET),https://irshad.az/az/mehsullar/hp-pb-440-g10-a38g9et,1869.99,2329.99,460.0,,Faizsiz təklif Yalnız online sifariş -460 AZN,103.89
102669,HP 250 G10 (AK9P4AT),https://irshad.az/az/mehsullar/hp-250-g10-ak9p4at,1139.99,1449.99,310.0,,Faizsiz təklif Yalnız online sifariş -310 AZN,63.33
102273,HONOR Magic Book X16 Space Gray (BRG-561) 2025,https://irshad.az/az/mehsullar/honor-magic-book-x16-space-gray-brg-561-2025,1459.99,1749.99,290.0,Stokda var,Stokda var Faizsiz təklif -290 AZN,81.11
102264,HP PB460 G11 (9G1P7ET),https://irshad.az/az/mehsullar/hp-pb460-g11-9g1p7et,2119.99,2289.99,170.0,,Faizsiz təklif Yalnız online sifariş -170 AZN,117.78
102263,HONOR Magic Book Pro X16 2024  WIN11 White (DRA-54),https://irshad.az/az/mehsullar/honor-magic-book-pro-x16-2024-win11-white-dra-54,2149.99,2699.99,550.0,,Stokda var - Məhdud sayda Faizsiz təklif -550 AZN,119.44
102197,HP 250 G10 (9G1W2ET),https://irshad.az/az/mehsullar/hp-250-g10-9g1w2et,999.99,,,,Faizsiz təklif Yalnız online sifariş,55.56
102191,HP PB 440 G10 (9G1Q5ET),https://irshad.az/az/mehsullar/hp-pb-440-g10-9g1q5et,1499.99,1999.99,500.0,,Faizsiz təklif Yalnız online sifariş -500 AZN,83.33
102189,HP PB 440 G10 (9G2Q1ET),https://irshad.az/az/mehsullar/hp-pb-440-g10-9g2q1et,1779.99,2189.99,410.0,,Faizsiz təklif Yalnız online sifariş -410 AZN,98.89
102186,Acer Extensa 15 EX215-55-31TC (NXEGYER01R),https://irshad.az/az/mehsullar/acer-extensa-15-ex215-55-31tc-nxegyer01r,599.99,699.99,100.0,,Stokda var - Məhdud sayda Faizsiz təklif -100 AZN,33.33
102110,HP Victus 15-fa1082wm (A2BZ7UA),https://irshad.az/az/mehsullar/hp-victus-15-fa1082wm-a2bz7ua,1989.99,2199.99,210.0,,Stokda var - Məhdud sayda Faizsiz təklif -210 AZN,110.56
102091,HP 250R G9(A3DP4ES),https://irshad.az/az/mehsullar/hp-250r-g9-a3dp4es,1199.99,1359.99,160.0,,Faizsiz təklif Yalnız online sifariş -160 AZN,66.67
101825,HONOR Magic Book Art  14 2024  Ultra7  Sunrise White (MRA-721) (Touchscreen),https://irshad.az/az/mehsullar/honor-magic-book-art-14-2024-ultra7-sunrise-white-mra-721,2849.99,3599.99,750.0,Stokda var,Stokda var Faizsiz təklif -750 AZN,158.33
101773,ASUS TUF Gaming A14 FA401UU-RG013 (90NR0JD1-M001E0),https://irshad.az/az/mehsullar/asus-tuf-gaming-a14-fa401uu-rg013-90nr0jd1-m001e0,2599.99,3529.99,930.0,,Faizsiz təklif Yalnız online sifariş -930 AZN,144.44
101694,HP 250 G10 (8X9R2ES),https://irshad.az/az/mehsullar/hp-250-g10-8x9r2es,1099.99,1399.99,300.0,,Stokda var - Məhdud sayda Faizsiz təklif -300 AZN,61.11
101666,HP PB 450G10 (9X1Q4ES),https://irshad.az/az/mehsullar/hp-pb-450g10-9x1q4es,1739.99,1869.99,130.0,,Faizsiz təklif Yalnız online sifariş -130 AZN,96.67
101662,HONOR Magic Book Pro X16 2024  WIN11 Purple (DRA-54),https://irshad.az/az/mehsullar/honor-magic-book-pro-x16-2024-win11-purple-dra-54,2149.99,2699.99,550.0,,Stokda var - Məhdud sayda Faizsiz təklif -550 AZN,119.44
101655,HP Laptop 15-fd 0096ci (8Q748EA),https://irshad.az/az/mehsullar/hp-laptop-15-fd-0096ci-8q748ea,1089.99,1169.99,80.0,,Faizsiz təklif Yalnız online sifariş -80 AZN,60.56
101630,Acer Nitro V 15 ANV15-51-76ER 1TB SSD  (NHQNBEM005),https://irshad.az/az/mehsullar/acer-nitro-v-15-anv15-51-76er-1tb-ssd-nhqnbem005,2299.99,2799.99,500.0,,Stokda var - Məhdud sayda Faizsiz təklif -500 AZN,127.78
101627,Acer Nitro V 15 ANV15-51-59RM 1TB/16GB  (NHQNDEM001),https://irshad.az/az/mehsullar/acer-nitro-v-15-anv15-51-59rm-16gb-nhqndem001-101627,1659.99,1949.99,290.0,Stokda var,Stokda var Faizsiz təklif -290 AZN,92.22
101626,Acer Nitro V 15 ANV15-51-59RM 16GB  (NHQNDEM001),https://irshad.az/az/mehsullar/acer-nitro-v-15-anv15-51-59rm-16gb-nhqndem001,1539.99,1849.99,310.0,Stokda var,Stokda var Faizsiz təklif -310 AZN,85.56
101580,Lenovo V15 G4 IRU (83A1007CRM),https://irshad.az/az/mehsullar/lenovo-v15-g4-iru-83a1007crm,759.99,929.99,170.0,,Stokda var - Məhdud sayda Faizsiz təklif -170 AZN,42.22
101575,Acer Aspire Lite AL15-31P-C3W5  (NX.KZ7EM.005),https://irshad.az/az/mehsullar/acer-aspire-lite-al15-31p-c3w5-nxkz7em005,539.99,649.99,110.0,,Stokda var - Məhdud sayda Faizsiz təklif -110 AZN,30.0
101484,Acer Aspire 3 A315-44P-R8A2 NX.KSJER.007,https://irshad.az/az/mehsullar/acer-aspire-3-a315-44p-r8a2-nx-ksjer-007,1069.99,1199.99,130.0,Stokda var,Stokda var Faizsiz təklif -130 AZN,59.44
101405,HONOR Magic Book Art 14 2024 Ultra7 Emerald Green (MRA-721) (Touchscreen),https://irshad.az/az/mehsullar/honor-magic-book-art-14-2024-ultra7-emerald-green-mra-721,2849.99,3599.99,750.0,,Stokda var - Məhdud sayda Faizsiz təklif -750 AZN,158.33
101383,ASUS VivoBook E1504GA-WS36 (90NB0ZT2-M00ZZ0),https://irshad.az/az/mehsullar/asus-vivobook-e1504ga-ws36-90nb0zt2-m00zz0,729.99,999.99,270.0,,Stokda var - Məhdud sayda Faizsiz təklif -270 AZN,40.56
101303,HP PB450 G10 (9B9D3EA),https://irshad.az/az/mehsullar/hp-pb450-g10-9b9d3ea,1519.99,1629.99,110.0,,Faizsiz təklif Yalnız online sifariş -110 AZN,84.44
101293,HP Envy x 360 Laptop 15-fe 0013ci (9C9F0EA),https://irshad.az/az/mehsullar/hp-envy-x-360-laptop-15-fe-0013ci-9c9f0ea,1999.99,2499.99,500.0,,Faizsiz təklif Yalnız online sifariş -500 AZN,111.11
101290,ASUS TUF FA506NFR-HN129 (90NR0JU7-M002R0),https://irshad.az/az/mehsullar/asus-tuf-fa506nfr-hn129-90nr0ju7-m002r0,1689.99,1799.99,110.0,,Stokda var - Məhdud sayda Faizsiz təklif -110 AZN,93.89
101287,HP Laptop 15s-fq0008nia (A05LQEA),https://irshad.az/az/mehsullar/hp-laptop-15s-fq0008nia-a05lqea,559.99,699.99,140.0,,Stokda var - Məhdud sayda Faizsiz təklif -140 AZN,31.11
101277,Lenovo IdeaPad Slim 3 15IRU8 (82X700BVPS),https://irshad.az/az/mehsullar/lenovo-ideapad-slim-3-15iru8-82x700bvps,729.99,929.99,200.0,Stokda var,Stokda var Faizsiz təklif -200 AZN,40.56
101263,Asus Vivobook 15 X1504VA-NJ104 12GB (90NB10J2-M00KS0),https://irshad.az/az/mehsullar/asus-vivobook-15-x1504va-nj104-12gb-90nb10j2-m00ks0,1079.99,1349.99,270.0,,Stokda var - Məhdud sayda Faizsiz təklif -270 AZN,60.0
101258,Acer Nitro V 15 ANV15-51-75VW (NHQNASA002),https://irshad.az/az/mehsullar/acer-nitro-v-15-anv15-51-75vw-nhqnasa002,1819.99,2169.99,350.0,,Stokda var - Məhdud sayda Faizsiz təklif -350 AZN,101.11
101195,Apple MacBook Pro M4 (MW2V3RU),https://irshad.az/az/mehsullar/apple-macbook-pro-m4-mw2v3ru,3799.99,4949.99,1150.0,,Stokda var - Məhdud sayda Faizsiz təklif -1150 AZN,211.11
101194,Apple MacBook Pro M4 (MW2U3RU),https://irshad.az/az/mehsullar/apple-macbook-pro-m4-mw2u3ru,3299.99,4299.99,1000.0,,Stokda var - Məhdud sayda Faizsiz təklif -1000 AZN,183.33
101141,Apple MacBook Pro M4 (MX2F3RU),https://irshad.az/az/mehsullar/apple-macbook-pro-m4-mx2f3ru,4999.99,6399.99,1400.0,,Stokda var - Məhdud sayda Faizsiz təklif -1400 AZN,277.78
101122,Acer Nitro V 15 ANV15-51-59RM 8GB (NHQNDEM001),https://irshad.az/az/mehsullar/acer-nitro-v-15-anv15-51-59rm-8gb-nhqndem001,1479.99,1749.99,270.0,Stokda var,Stokda var Faizsiz təklif -270 AZN,82.22
101105,HP Victus 16-r1011nia  (A7KC2EA),https://irshad.az/az/mehsullar/hp-victus-16-r1011nia-a7kc2ea,2549.99,3299.99,750.0,,Stokda var - Məhdud sayda Faizsiz təklif -750 AZN,141.67
100968,Acer Aspire 5 A515-58P-55K7 (NXKHJER004),https://irshad.az/az/mehsullar/acer-aspire-5-a515-58p-55k7-nxkhjer004,1069.99,1349.99,280.0,Stokda var,Stokda var Faizsiz təklif -280 AZN,59.44
100945,Acer Nitro V 15 ANV15-41-R70B (NHQSJER001),https://irshad.az/az/mehsullar/acer-nitro-v-15-anv15-41-r70b-nhqsjer001,1479.99,1769.99,290.0,Stokda var,Stokda var Faizsiz təklif -290 AZN,82.22
100940,Lenovo LOQ 15ARP9 (83JC005GRK),https://irshad.az/az/mehsullar/lenovo-loq-15arp9-83jc005grk,1599.99,1899.99,300.0,,Stokda var - Məhdud sayda Faizsiz təklif -300 AZN,88.89
100770,Asus VivoBook S S5507QA-MA006W(90NB14Q2-M005E0),https://irshad.az/az/mehsullar/asus-vivobook-s-s5507qa-ma006w-90nb14q2-m005e0-3,3219.99,3949.99,730.0,,Faizsiz təklif Yalnız online sifariş -730 AZN,178.89
100768,Asus S5507QA-MA007W (90NB14Q2-M005F0),https://irshad.az/az/mehsullar/asus-s5507qa-ma007w-90nb14q2-m005f0,2739.99,3369.99,630.0,,Faizsiz təklif Yalnız online sifariş -630 AZN,152.22
100665,HP Laptop 14-fd0121ci (A2LR5EA),https://irshad.az/az/mehsullar/hp-laptop-14-fd0121ci-a2lr5ea,1099.99,1349.99,250.0,,Faizsiz təklif Yalnız online sifariş -250 AZN,61.11
100657,HP 250 G10 (85C87EA),https://irshad.az/az/mehsullar/hp-250-g10-85c87ea,869.99,1049.99,180.0,,Faizsiz təklif Yalnız online sifariş -180 AZN,48.33
100572,Asus ZenBook UX3405MA-QD379W (90NB11R1-M00ZU0),https://irshad.az/az/mehsullar/asus-zenbook-ux3405ma-qd379w-90nb11r1-m00zu0,3059.99,3289.99,230.0,,Faizsiz təklif Yalnız online sifariş -230 AZN,170.0
100496,Acer Aspire 5 A515-58P-77H8 (NXKHJER00B),https://irshad.az/az/mehsullar/acer-aspire-5-a515-58p-77h8-nxkhjer00b,1289.99,1599.99,310.0,,Stokda var - Məhdud sayda Faizsiz təklif -310 AZN,71.67
100253,Acer Aspire 3 A315-35-C2PE  (NXA6LSG01D),https://irshad.az/az/mehsullar/acer-aspire-3-a315-35-c2pe-nxa6lsg01d,519.99,599.99,80.0,Stokda var,Stokda var Faizsiz təklif -80 AZN,28.89
100131,HP Victus 15-fb2082wm  (A14MNUA),https://irshad.az/az/mehsullar/hp-victus-15-fb2082wm-a14mnua,1809.99,2049.99,240.0,,Stokda var - Məhdud sayda Faizsiz təklif -240 AZN,100.56
100080,HP Laptop 15-fd0355nia  (9Q341EA),https://irshad.az/az/mehsullar/hp-laptop-15-fd0355nia-9q341ea,1079.99,1349.99,270.0,,Stokda var - Məhdud sayda Faizsiz təklif -270 AZN,60.0
99713,HP EliteBook 860 G11 (A26S6EA),https://irshad.az/az/mehsullar/hp-elitebook-860-g11-a26s6ea,3039.99,3279.99,240.0,,Faizsiz təklif Yalnız online sifariş -240 AZN,168.89
99709,HP EliteBook 840 G11 Notebook PC (A26SJEA),https://irshad.az/az/mehsullar/hp-elitebook-840-g11-notebook-pc-a26sjea,2689.99,2899.99,210.0,,Faizsiz təklif Yalnız online sifariş -210 AZN,149.44
99665,HP Laptop 15-fd0104ci (9S1L9EA),https://irshad.az/az/mehsullar/hp-laptop-15-fd0104ci-9s1l9ea,1419.99,1519.99,100.0,,Faizsiz təklif Yalnız online sifariş -100 AZN,78.89
99633,ASUS ROG Zephyrus G16 OLED GA605WV-QR077 (90NR0JA2-M00360),https://irshad.az/az/mehsullar/asus-rog-zephyrus-g16-oled-ga605wv-qr077-90nr0ja2-m00360,4889.99,5429.99,540.0,,Faizsiz təklif Yalnız online sifariş -540 AZN,271.67
99592,Lenovo IdeaPad Slim 3 15IRU8  (82X700BXRK),https://irshad.az/az/mehsullar/lenovo-ideapad-slim-3-15iru8-82x700bxrk,809.99,959.99,150.0,,Stokda var - Məhdud sayda Faizsiz təklif -150 AZN,45.0
99564,Acer Nitro V 15 ANV15-51-529L  (NH.QNDER.003),https://irshad.az/az/mehsullar/acer-nitro-v-15-anv15-51-529l-nhqnder003,1699.99,1899.99,200.0,Stokda var,Stokda var Faizsiz təklif -200 AZN,94.44
99095,Lenovo IP 1 15IGL7 (82V700E7PS),https://irshad.az/az/mehsullar/lenovo-ip-1-15igl7-82v700e7ps,479.99,599.99,120.0,Stokda var,Stokda var Faizsiz təklif -120 AZN,26.67
99078,Asus VivoBook S5506MA-MA084 (90NB14E1-M006N0),https://irshad.az/az/mehsullar/asus-vivobook-s5506ma-ma084-90nb14e1-m006n0,2109.99,2359.99,250.0,,Faizsiz təklif Yalnız online sifariş -250 AZN,117.22
99077,Asus VivoBook S5506MA-MA083 (90NB14E2-M00840),https://irshad.az/az/mehsullar/asus-vivobook-s5506ma-ma083-90nb14e2-m00840,2109.99,2429.99,320.0,,Faizsiz təklif Yalnız online sifariş -320 AZN,117.22
99065,HP Laptop 15-fd0072ci (84K05EA),https://irshad.az/az/mehsullar/hp-laptop-15-fd0072ci-84k05ea,1759.99,1889.99,130.0,,Faizsiz təklif Yalnız online sifariş -130 AZN,97.78
98805,HP 250 G9 (6S798EA),https://irshad.az/az/mehsullar/hp-250-g9-6s798ea,589.99,699.99,110.0,,Stokda var - Məhdud sayda Faizsiz təklif -110 AZN,32.78
98643,Asus VivoBook M3604YA-MB225 (90NB11A2-M00A80),https://irshad.az/az/mehsullar/asus-vivobook-m3604ya-mb225-90nb11a2-m00a80,999.99,1089.99,90.0,,Faizsiz təklif Yalnız online sifariş -90 AZN,55.56
98060,Acer Aspire 5 A515-58P-72EH (NXKHJER008),https://irshad.az/az/mehsullar/acer-aspire-5-a515-58p-72eh-nxkhjer008,1349.99,1649.99,300.0,,Stokda var - Məhdud sayda Faizsiz təklif -300 AZN,75.0
98057,HP 250 G10  (8X9C9ES),https://irshad.az/az/mehsullar/hp-250-g10-8x9c9es,809.99,1199.99,390.0,Stokda var,Stokda var Faizsiz təklif -390 AZN,45.0
97601,Asus VivoBook S 15 OLED S5507QA-MA001W (90NB14Q2-M005H0),https://irshad.az/az/mehsullar/asus-vivobook-s-15-oled-s5507qa-ma001w-90nb14q2-m005h0,2779.99,3499.99,720.0,,Faizsiz təklif Yalnız online sifariş -720 AZN,154.44
97600,Asus VivoBook S14 OLED M5406WA-PP067 (90NB14P1-M003E0),https://irshad.az/az/mehsullar/asus-vivobook-s14-oled-m5406wa-pp067-90nb14p1-m003e0,2699.99,3189.99,490.0,,Faizsiz təklif Yalnız online sifariş -490 AZN,150.0
97070,ASUS TUF FA506NF-HN011 (90NR0JE7-M003D0),https://irshad.az/az/mehsullar/asus-tuf-fa506nf-hn011-90nr0je7-m003d0,1489.99,1849.99,360.0,,Stokda var - Məhdud sayda Faizsiz təklif -360 AZN,82.78
97039,HP Laptop 15-fd0336nia (943W4EA) 256 GB,https://irshad.az/az/mehsullar/hp-laptop-15-fd0336nia256gb-943w4ea,819.99,999.99,180.0,,Stokda var - Məhdud sayda Faizsiz təklif -180 AZN,45.56
96965,Acer Nitro V 15 ANV15-51-71PD  (NH.QNCEM.002),https://irshad.az/az/mehsullar/acer-nitro-v-15-anv15-51-71pd-nhqncem002,1969.99,2299.99,330.0,Stokda var,Stokda var Faizsiz təklif -330 AZN,109.44
95000,Lenovo V15 G2-IJL (82QYA00HIN),https://irshad.az/az/mehsullar/lenovo-v15-g2-ijl-82qya00hin,519.99,629.99,110.0,,Stokda var - Məhdud sayda Faizsiz təklif -110 AZN,28.89
93845,HP Envy x 360 Laptop 15fe0008ci (8L5H4EA),https://irshad.az/az/mehsullar/hp-envy-x-360-laptop-15fe0008ci-8l5h4ea,2499.99,3499.99,1000.0,,Faizsiz təklif Yalnız online sifariş -1000 AZN,138.89
93834,Asus ExpertBook B2502CVA-BQ0176 (90NX06F1-M00650),https://irshad.az/az/mehsullar/asus-expertbook-b2502cva-bq0176-90nx06f1-m00650,1369.99,1479.99,110.0,,Faizsiz təklif Yalnız online sifariş -110 AZN,76.11
93557,HP 250 G10 (8A539EA),https://irshad.az/az/mehsullar/hp-250-g10-8a539ea,1309.99,1399.99,90.0,,Stokda var - Məhdud sayda Faizsiz təklif -90 AZN,72.78
93294,HONOR MagicBook X16 Space Gray (BRN-F56) Win11 2024,https://irshad.az/az/mehsullar/honor-magicbook-x16-space-gray-brn-f56-win11-2024,1299.99,1599.99,300.0,,Stokda var - Məhdud sayda Faizsiz təklif -300 AZN,72.22
93293,HONOR MagicBook X16 Space Gray (BRN-F58) Win11 2024,https://irshad.az/az/mehsullar/honor-magicbook-x16-space-gray-brn-f58-win11-2024,1219.99,1449.99,230.0,Stokda var,Stokda var Faizsiz təklif -230 AZN,67.78
92776,Asus VivoBook E1504FA-L1448 (90NB0ZR2-M00N40),https://irshad.az/az/mehsullar/asus-vivobook-e1504fa-l1448-90nb0zr2-m00n40,1059.99,1149.99,90.0,,Faizsiz təklif Yalnız online sifariş -90 AZN,58.89
92567,HP EB650 G10 (8A4Z1EA),https://irshad.az/az/mehsullar/hp-eb650-g10-8a4z1ea,1929.99,2079.99,150.0,,Faizsiz təklif Yalnız online sifariş -150 AZN,107.22
92026,Lenovo IdeaPad Slim 3 15IRU8 (82X7004BPS),https://irshad.az/az/mehsullar/lenovo-ideapad-slim-3-15iru8-82x7004bps,769.99,929.99,160.0,,Stokda var - Məhdud sayda Faizsiz təklif -160 AZN,42.78
91788,HP Victus 16-r0050nia (81Q08EA),https://irshad.az/az/mehsullar/hp-victus-16-r0050nia-81q08ea,2509.99,2999.99,490.0,,Stokda var - Məhdud sayda Faizsiz təklif -490 AZN,139.44
91729,НР Laptop 15-fc0024ci (7P4Y0EA),https://irshad.az/az/mehsullar/nr-laptop-15-fc0024ci-7p4y0ea,1449.99,1639.99,190.0,,Faizsiz təklif Yalnız online sifariş -190 AZN,80.56
91516,HP Pav Plus Laptop 14-eh1005ci (7P4D3EA),https://irshad.az/az/mehsullar/hp-pav-plus-laptop-14-eh1005ci-7p4d3ea,2139.99,2299.99,160.0,,Faizsiz təklif Yalnız online sifariş -160 AZN,118.89
91153,HP ENVY Laptop 16-h0000ci (6Y9S5EA),https://irshad.az/az/mehsullar/hp-envy-laptop-16-h0000ci-6y9s5ea,3359.99,3849.99,490.0,,Faizsiz təklif Yalnız online sifariş -490 AZN,186.67
91149,HP Pav Plus Laptop 14-eh1008ci (7P4Z5EA),https://irshad.az/az/mehsullar/hp-pav-plus-laptop-14-eh1008ci-7p4z5ea,2269.99,2439.99,170.0,,Faizsiz təklif Yalnız online sifariş -170 AZN,126.11
91080,Asus ExpertBook B2 B2502CVA-KJ0173 (90NX06F1-M00620),https://irshad.az/az/mehsullar/asus-expertbook-b2-b2502cva-kj0173-90nx06f1-m00620,1939.99,2329.99,390.0,,Faizsiz təklif Yalnız online sifariş -390 AZN,107.78
89737,HP Victus 15-fa1057nia  (86J62EA),https://irshad.az/az/mehsullar/hp-victus-15-fa1057nia-86j62ea,2749.99,2899.99,150.0,,Stokda var - Məhdud sayda Faizsiz təklif -150 AZN,152.78
89736,HP Victus 15-fa1056nia (86J61EA),https://irshad.az/az/mehsullar/hp-victus-15-fa1056nia-86j61ea,2389.99,2899.99,510.0,,Stokda var - Məhdud sayda Faizsiz təklif -510 AZN,132.78
89714,HP OMEN 16t-wd000 (76W21AV),https://irshad.az/az/mehsullar/hp-omen-16t-wd000-76w21av,2839.99,3499.99,660.0,,Stokda var - Məhdud sayda Faizsiz təklif -660 AZN,157.78
89706,Asus VivoBook E1504FA-L1013W (90NB0ZR1-M00LA0),https://irshad.az/az/mehsullar/asus-vivobook-e1504fa-l1013w-90nb0zr1-m00la0,1339.99,1349.99,10.0,,Faizsiz təklif Yalnız online sifariş -10 AZN,74.44
89692,Asus VivoBook 16 M1605YA-MB002 (90NB10R1-M00AM0),https://irshad.az/az/mehsullar/asus-vivobook-16-m1605ya-mb002-90nb10r1-m00am0,1139.99,1229.99,90.0,,Faizsiz təklif Yalnız online sifariş -90 AZN,63.33
88707,Acer Aspire 5 A515-58P-53Y4 (NXKHJER005),https://irshad.az/az/mehsullar/acer-aspire-5-a515-58p-nxkhjer005,1169.99,1399.99,230.0,,Stokda var - Məhdud sayda Faizsiz təklif -230 AZN,65.0
83228,HP OMEN Gaming Laptop 16-n0003ci (6G6S0EA),https://irshad.az/az/mehsullar/hp-omen-gaming-laptop-16-n0003ci-6g6s0ea,4339.99,4669.99,330.0,,Faizsiz təklif Yalnız online sifariş -330 AZN,241.11
83169,Asus ROG Strix GA402RK-L8196W (90NR09U4-M00D70),https://irshad.az/az/mehsullar/asus-rog-strix-ga402rk-l8196w-90nr09u4-m00d70,4099.99,4429.99,330.0,,Faizsiz təklif Yalnız online sifariş -330 AZN,227.78
82800,HP ENVY Laptop 16-h0002ci (6Y9S7EA),https://irshad.az/az/mehsullar/hp-envy-laptop-16-h0002ci-6y9s7ea,3659.99,3939.99,280.0,,Faizsiz təklif Yalnız online sifariş -280 AZN,203.33
70215,Apple MacBook Air M1 (MGN63RU),https://irshad.az/az/mehsullar/apple-macbook-air-m1-mgn63ru,1479.99,1799.99,320.0,Stokda var,Stokda var Faizsiz təklif -320 AZN,82.22
