product_id,title,url,price_azn,label
4486210,"HP Notebook 15-da0091ne Laptop, Intel Core i5-8250U, 15.6 Inch, 1TB, 8GB RAM, Dos - Black",https://mimelon.com/az/hp-notebook-15-da0091ne-laptop-intel-core-i5-8250u-156-inch-1tb-8gb-ram-dos-black,979.0,Out of stock
4486083,"Lenovo Yoga 520 2-in-1 Laptop With 14-Inch Display, Core i3 Processor/4GB RAM/1TB HDD/Intel HD Graphics Grey",https://mimelon.com/az/lenovo-yoga-520-2-in-1-laptop-with-14-inch-display-core-i3-processor4gb-ram1tb-hddintel-hd-graphics-grey,1004.0,Out of stock
4486082,"DELL XPS 15 9570 With 15.6-Inch Display, Core i5 Processor/8GB RAM/256GB SSD/4GB NVIDIA GeForce GTX Graphic Card Silver/Black",https://mimelon.com/az/dell-xps-15-9570-with-156-inch-display-core-i5-processor8gb-ram256gb-ssd4gb-nvidia-geforce-gtx-graphic-card-silverblack,2390.0,
4486080,"DELL Latitude With 14-Inch Display, Core i5 Processor/4GB RAM/500GB HDD/Intel HD Graphics 620 Black",https://mimelon.com/az/dell-latitude-with-14-inch-display-core-i5-processor4gb-ram500gb-hddintel-hd-graphics-620-black,1553.0,
4486079,"Lenovo Ideapad L340 Gaming Laptop With 15.6-Inch Display, Core i7 Processor/16GB RAM/1TB SSD/4GB NVIDIA GeForce GTX 1650 Graphic Card Black",https://mimelon.com/az/lenovo-ideapad-l340-gaming-laptop-with-156-inch-display-core-i7-processor16gb-ram1tb-ssd4gb-nvidia-geforce-gtx-1650-graphic-card-black,2390.0,Out of stock
4486077,"hp Probook 450 G6 Laptop With 15.6-Inch Display, Core i5-8265U Processor/4GB RAM/500GB HDD/Intel UHD Graphics Silver",https://mimelon.com/az/hp-probook-450-g6-laptop-with-156-inch-display-core-i5-8265u-processor4gb-ram500gb-hddintel-uhd-graphics-silver,1194.0,Out of stock
4486064,"hp Notebook 15-da0032wm Laptop With 15.6 Inch Display, Core i3 Processor/4GB RAM/1TB HDD + 16GB Optane Hybrid Drive/Intel UHD Graphics 620 Silver",https://mimelon.com/az/hp-notebook-15-da0032wm-laptop-with-156-inch-display-core-i3-processor4gb-ram1tb-hdd-16gb-optane-hybrid-driveintel-uhd-graphics-620-silver,813.0,Out of stock
4486061,"DELL Inspiron 5370 Laptop With 13.3-Inch Display, Core i3 Processor/4GB RAM/128GB SSD/4GB Intel HD 620 Graphics Platinum Silver",https://mimelon.com/az/dell-inspiron-5370-laptop-with-133-inch-display-core-i3-processor4gb-ram128gb-ssd4gb-intel-hd-620-graphics-platinum-silver,1051.0,Out of stock
4486060,hp ProBook 450G5 Laptop With 15.6-Inch Display/i5 Processor/8GB RAM/1TB HDD,https://mimelon.com/az/hp-probook-450g5-laptop-with-156-inch-displayi5-processor8gb-ram1tb-hdd,1257.0,Out of stock
4486056,"Acer Nitro 5-AN515-52-72UN Laptop With 15.6-Inch Display, Intel Core i7 Processor/16GB RAM/1TB HDD + 128GB SSD Hybrid Drive/4GB NVIDIA GeForce GTX 1050 Graphic Card Black",https://mimelon.com/az/acer-nitro-5-an515-52-72un-laptop-with-156-inch-display-intel-core-i7-processor16gb-ram1tb-hdd-128gb-ssd-hybrid-drive4gb-nvidia-geforce-gtx-1050-graphic-card-black,2104.0,Out of stock
4486055,"DELL Inspiron 15-3581 With 15.6-inch Display, Core i3 Processor/4GB RAM/1TB HDD/Intel HD Graphics 620 Black",https://mimelon.com/az/dell-inspiron-15-3581-with-156-inch-display-core-i3-processor4gb-ram1tb-hddintel-hd-graphics-620-black,760.0,
4486054,"Lenovo ThinkPad X390 Yoga Convertible 2-In-1 Laptop With 13.3 Inch Display, Core i7 Processor/16GB RAM/512GB SSD/Intel UHD Graphics 620 Black",https://mimelon.com/az/lenovo-thinkpad-x390-yoga-convertible-2-in-1-laptop-with-133-inch-display-core-i7-processor16gb-ram512gb-ssdintel-uhd-graphics-620-black,2963.0,Out of stock
4486053,"Lenovo Laptop With 11.6-Inch Display, Celeron N4000 Processor/4GB RAM/500GB HDD Grey",https://mimelon.com/az/lenovo-laptop-with-116-inch-display-celeron-n4000-processor4gb-ram500gb-hdd-grey,669.0,Out of stock
4486052,"Lenovo Ideapad S145-15IWL Laptop With 15.6-Inch Display, Core i3-8145U Processor/4GB RAM/1TB HDD/Intel Integrated Graphics Silver",https://mimelon.com/az/lenovo-ideapad-s145-15iwl-laptop-with-156-inch-display-core-i3-8145u-processor4gb-ram1tb-hddintel-integrated-graphics-silver,764.0,Out of stock
4486045,"DELL Inspiron 5480 With 14-Inch Display, Core i7 Processor/16GB RAM/1TB HDD/256GB SSD/NVIDIA GeForce MX 250 Silver",https://mimelon.com/az/dell-inspiron-5480-with-14-inch-display-core-i7-processor16gb-ram1tb-hdd256gb-ssdnvidia-geforce-mx-250-silver,2084.0,Out of stock
4486044,"Lenovo Ideapad S145 Laptop With 15.6-Inch Display, Celeron 4205U Processor/4GB DIMM RAM/128GB SSD/Intel UHD Graphics 610 Platinum Grey",https://mimelon.com/az/lenovo-ideapad-s145-laptop-with-156-inch-display-celeron-4205u-processor4gb-dimm-ram128gb-ssdintel-uhd-graphics-610-platinum-grey,566.0,Out of stock
4486043,"Lenovo ThinkPad E580 Laptop With 15.6 Inch Display , Core i5 Processor/8GB RAM/512GB SSD/Intel HD Graphics 620 Black",https://mimelon.com/az/lenovo-thinkpad-e580-laptop-with-156-inch-display-core-i5-processor8gb-ram512gb-ssdintel-hd-graphics-620-black,1338.0,Out of stock
4486042,"hp 14-DQ1039 Laptop With 14-Inch Display, Core i5-1035G1 Processor/8GB RAM/256GB SSD + 16GB Optane Drive/Intel Integrated Graphics Silver",https://mimelon.com/az/hp-14-dq1039-laptop-with-14-inch-display-core-i5-1035g1-processor8gb-ram256gb-ssd-16gb-optane-driveintel-integrated-graphics-silver,1023.0,Out of stock
4486040,"iLife ZedBook II Convertible 2-In-1 Laptop With 11.6-Inch Display, Intel Atom Processor/2GB RAM/32GB SSD/Intel HD Graphics 400 Black",https://mimelon.com/az/ilife-zedbook-ii-convertible-2-in-1-laptop-with-116-inch-display-intel-atom-processor2gb-ram32gb-ssdintel-hd-graphics-400-black,621.0,Out of stock
4486030,"hp 5HT18UT ProBook 450 G5 Laptop With 15.6-inch Display, Core i5 7200U Processor, 4GB RAM/500GB HDD/Integrated Intel 620 HD Graphics Natural Silver",https://mimelon.com/az/hp-5ht18ut-probook-450-g5-laptop-with-156-inch-display-core-i5-7200u-processor-4gb-ram500gb-hddintegrated-intel-620-hd-graphics-natural-silver,1195.0,Out of stock
4486029,hp 250 G6 Laptop With 15.6-Inch Display/i3 Processor/4GB RAM/1TB HDD/Intel Graphics Black,https://mimelon.com/az/hp-250-g6-laptop-with-156-inch-displayi3-processor4gb-ram1tb-hddintel-graphics-black,764.0,Out of stock
4486017,"Lenovo ThinkPad E590 Laptop With 15.6-Inch Display, Core i7 Processor/8GB RAM/1TB HDD/Integrated Graphics Black",https://mimelon.com/az/lenovo-thinkpad-e590-laptop-with-156-inch-display-core-i7-processor8gb-ram1tb-hddintegrated-graphics-black,1673.0,Out of stock
4486016,"hp Probook 440G6 Laptop With 14-Inch Display, Core i5-8265U Processor/8GB RAM/256GB SSD/Intel UHD Graphics Silver",https://mimelon.com/az/hp-probook-440g6-laptop-with-14-inch-display-core-i5-8265u-processor8gb-ram256gb-ssdintel-uhd-graphics-silver,1171.0,Out of stock
4486015,"Lenovo Ideapad 130 Laptop With 15.6-Inch Display, Core i3 Processor/4GB RAM/1TB HDD/2GB NVIDIA GeForce MX110 Graphics Card Black",https://mimelon.com/az/lenovo-ideapad-130-laptop-with-156-inch-display-core-i3-processor4gb-ram1tb-hdd2gb-nvidia-geforce-mx110-graphics-card-black,753.0,Out of stock
4486010,"hp 15-dw0016ne Laptop With 15.6-Inch Display, Core i5 Processor/4GB RAM/1TB HDD/4 GB Intel UHD Graphics Silver",https://mimelon.com/az/hp-15-dw0016ne-laptop-with-156-inch-display-core-i5-processor4gb-ram1tb-hdd4-gb-intel-uhd-graphics-silver,955.0,Out of stock
4486009,"Lenovo Ideapad 130-15IKB Laptop With 15.6-Inch Display, Core i3-7020U Processor/4GB RAM/1 TB HDD/Intel HD Graphics 620 Black",https://mimelon.com/az/lenovo-ideapad-130-15ikb-laptop-with-156-inch-display-core-i3-7020u-processor4gb-ram1-tb-hddintel-hd-graphics-620-black,812.0,Out of stock
4486008,"Lenovo IdeaPad 330 Laptop With 15.6-Inch Display, Core i3 Processor/4GB RAM/1TB HDD/Intel UHD Graphics 620 Platinum Grey",https://mimelon.com/az/lenovo-ideapad-330-laptop-with-156-inch-display-core-i3-processor4gb-ram1tb-hddintel-uhd-graphics-620-platinum-grey,607.0,Out of stock
4486007,"hp Probook 440 G5 Laptop With 14-Inch Display,Core i5-8250U Processor/4GB RAM/500GB HDD/Integrated Intel UHD Graphics 620 Silver",https://mimelon.com/az/hp-probook-440-g5-laptop-with-14-inch-displaycore-i5-8250u-processor4gb-ram500gb-hddintegrated-intel-uhd-graphics-620-silver,951.0,Out of stock
4486006,"DELL Inspiron 3580 Laptop With 15.6-Inch Display, Core i7-8565U Processor/8GB RAM/1TB HDD/2GB AMD Radeon Graphics Card Matte Black",https://mimelon.com/az/dell-inspiron-3580-laptop-with-156-inch-display-core-i7-8565u-processor8gb-ram1tb-hdd2gb-amd-radeon-graphics-card-matte-black,1463.0,Out of stock
4486005,Lenovo Ideapad 330 81D1008 Xad Laptop With 15.6-Inch Display Celeron Processor/4Gb RAM/1Tb Hdd Integrated Graphics Onyx Black,https://mimelon.com/az/lenovo-ideapad-330-81d1008-xad-laptop-with-156-inch-display-celeron-processor4gb-ram1tb-hdd-integrated-graphics-onyx-black,545.0,Out of stock
4486001,"hp 15-da1013ne Notebook Laptop With 15.6-Inch Display, Core i5 Processor/8GB RAM/1TB HDD/2GB NVIDIA GeForce MX110 Graphic Card And English/Arabic Keyboard Natural silver",https://mimelon.com/az/hp-15-da1013ne-notebook-laptop-with-156-inch-display-core-i5-processor8gb-ram1tb-hdd2gb-nvidia-geforce-mx110-graphic-card-and-englisharabic-keyboard-natural-silver,1094.0,Out of stock
5268,"Dell Inspiron 7573 2-in-1 Laptop, Intel 8th Gen Core i7-8550U, 16GB RAM, 512GB Solid State Drive (SSD), Windows 10 Home - Black",https://mimelon.com/az/dell-inspiron-7573-2-in-1-laptop-intel-8th-gen-core-i7-8550u-16gb-ram-512gb-solid-state-drive-ssd-windows-10-home-black,1499.0,Out of stock
5013,"ASUS X540SA-XX002D Laptop With 15.6-Inch Display, Intel Celeron Processor/2GB RAM/500GB HDD/Intel HD Graphics Black",https://mimelon.com/az/asus-x540sa-xx002d-laptop-with-156-inch-display-intel-celeron-processor2gb-ram500gb-hddintel-hd-graphics-black,429.0,Out of stock
4987,"HUAWEI MateBook 13 Laptop With 13-Inch Display, Core i7 Processor/8GB RAM/512GB SSD/Intel UHD Graphics 620 Space Grey",https://mimelon.com/az/huawei-matebook-13-laptop-with-13-inch-display-core-i7-processor8gb-ram512gb-ssdintel-uhd-graphics-620-space-grey,2007.0,Out of stock
4986,"MSI PS42 8RB Gaming Laptop With 14-Inch Display, Core i7 Processor/16GB RAM/512GB SSD/2GB GDDR5 NVIDIA Geforce MX150 Graphic Card With English/Arabic Keyboard Silver",https://mimelon.com/az/msi-ps42-8rb-gaming-laptop-with-14-inch-display-core-i7-processor16gb-ram512gb-ssd2gb-gddr5-nvidia-geforce-mx150-graphic-card-with-englisharabic-keyboard-silver,1864.0,Out of stock
4985,"DELL Inspiron 5584 Laptop With 15-Inch Display, Core i7 Processor/16GB RAM/1TB HDD + 128GB SSD Hyrbid Drive/4GB NVIDIA Graphic Card Silver",https://mimelon.com/az/dell-inspiron-5584-laptop-with-15-inch-display-core-i7-processor16gb-ram1tb-hdd-128gb-ssd-hyrbid-drive4gb-nvidia-graphic-card-silver,1864.0,Out of stock
4984,"Acer Aspire 5 With 15.6-Inch Display, Core i5 Processor/6GB RAM/1TB HDD/2GB NVIDIA GeForce 940MX Graphics Card/English Keyboard Steel Grey",https://mimelon.com/az/acer-aspire-5-with-156-inch-display-core-i5-processor6gb-ram1tb-hdd2gb-nvidia-geforce-940mx-graphics-cardenglish-keyboard-steel-grey,955.0,
4980,hp 15-Celeron-500 Laptop With 15.6-Inch Display Intel Celeron/4Gb RAM/500Gb Hdd Black Black,https://mimelon.com/az/hp-15-celeron-500-laptop-with-156-inch-display-intel-celeron4gb-ram500gb-hdd-black-black,442.0,Out of stock
4977,"ASUS VivoBook S Laptop With 14-Inch Display, Core i7 Processor/16GB RAM/1TB HDD + 256GB SSD Hybrid Drive/2GB NVIDIA Graphic Card Grey-Red",https://mimelon.com/az/asus-vivobook-s-laptop-with-14-inch-display-core-i7-processor16gb-ram1tb-hdd-256gb-ssd-hybrid-drive2gb-nvidia-graphic-card-grey-red,1816.0,Out of stock
4976,"Lenovo ThinkPad X1 Carbon Laptop With 14-Inch Display, Core i7 Processor/16GB RAM/512GB SSD/Integrated Graphics Black",https://mimelon.com/az/lenovo-thinkpad-x1-carbon-laptop-with-14-inch-display-core-i7-processor16gb-ram512gb-ssdintegrated-graphics-black,3203.0,Out of stock
4975,"Lenovo Ideapad S340 Laptop With 15.6-Inch Display, Intel Core i3-8145U Processor/8GB RAM/128GB SSD/Intel UHD Graphics 620 Platinum Grey",https://mimelon.com/az/lenovo-ideapad-s340-laptop-with-156-inch-display-intel-core-i3-8145u-processor8gb-ram128gb-ssdintel-uhd-graphics-620-platinum-grey,812.0,Out of stock
4974,"DELL Inspiron 5570 Laptop With 15.6-Inch Display, Core i7 Processor/1 TB HDD/8 GB RAM/Integrated Graphics Grey",https://mimelon.com/az/dell-inspiron-5570-laptop-with-156-inch-display-core-i7-processor1-tb-hdd8-gb-ramintegrated-graphics-grey,1386.0,Out of stock
4972,"DELL 3581 Laptop With 15.6-Inch Display, Core i3-7020U Processor/4GB RAM/1TB HDD/Intel Integrated Graphics Matte Black",https://mimelon.com/az/dell-3581-laptop-with-156-inch-display-core-i3-7020u-processor4gb-ram1tb-hddintel-integrated-graphics-matte-black,602.0,Out of stock
4971,"DELL Inspiron 3580 With 15.6-Inch Display, Core i5 Processor/8GB RAM/1TB HDD/AMD Radeon 520 Black",https://mimelon.com/az/dell-inspiron-3580-with-156-inch-display-core-i5-processor8gb-ram1tb-hddamd-radeon-520-black,955.0,
4966,"HUAWEI MateBook X Pro Laptop With 13.9-Inch Display, Core i7-8550U Processor/16GB RAM/512GB SSD/2GB NVIDIA GeForce MX150 Graphics Card Space Gray",https://mimelon.com/az/huawei-matebook-x-pro-laptop-with-139-inch-display-core-i7-8550u-processor16gb-ram512gb-ssd2gb-nvidia-geforce-mx150-graphics-card-space-gray,3824.0,Out of stock
4965,"DELL Inspiron 3576 Laptop With 15.6-inch Display, Core i5 Processor/1TB HDD/4GB RAM//AMD Radeon R5 M430 Graphics 520 Black",https://mimelon.com/az/dell-inspiron-3576-laptop-with-156-inch-display-core-i5-processor1tb-hdd4gb-ramamd-radeon-r5-m430-graphics-520-black,975.0,Out of stock
4962,"ASUS Vivobook X442UR-GA071T Laptop With 14-inch Display, Core i5 Processor/4GB RAM/1TB HDD/NVIDIA GeForce 930MX Graphics Grey",https://mimelon.com/az/asus-vivobook-x442ur-ga071t-laptop-with-14-inch-display-core-i5-processor4gb-ram1tb-hddnvidia-geforce-930mx-graphics-grey,925.0,Out of stock
4961,"ASUS Vivobook X507UB-EJ296T Laptop With 15.6-Inch Display, Core i7 Processor/8GB RAM/1TB HDD/2GB NVIDIA GeForce MX110 Graphic Card Grey",https://mimelon.com/az/asus-vivobook-x507ub-ej296t-laptop-with-156-inch-display-core-i7-processor8gb-ram1tb-hdd2gb-nvidia-geforce-mx110-graphic-card-grey,1314.0,Out of stock
4960,"hp 15-Da0078NIA Laptop With 15.6-Inch Display, Core i5 8250U Processor/4GB RAM/1TB HDD/2GB NVIDIA MX 110A Graphics Card Glossy Black",https://mimelon.com/az/hp-15-da0078nia-laptop-with-156-inch-display-core-i5-8250u-processor4gb-ram1tb-hdd2gb-nvidia-mx-110a-graphics-card-glossy-black,846.0,Out of stock
4959,"Lenovo IdeaPad 330 Laptop With 15.6-Inch Display, Core i3 Processor/4GB RAM/1TB HDD/Intel HD Graphics Grey",https://mimelon.com/az/lenovo-ideapad-330-laptop-with-156-inch-display-core-i3-processor4gb-ram1tb-hddintel-hd-graphics-grey,588.0,Out of stock
4958,"DELL Inspiron 3180 With 11.6-Inch Display, A6 9220e Processor/4GB RAM/32GB HDD/AMD Radeon R5 & 1 Year MS OFFICE Subscription Grey",https://mimelon.com/az/dell-inspiron-3180-with-116-inch-display-a6-9220e-processor4gb-ram32gb-hddamd-radeon-r5-1-year-ms-office-subscription-grey,389.0,Out of stock
4957,"Lenovo ThinkPad E490 Laptop With 14-Inch Display, Core i7-8565U Processor/8GB RAM/1TB SATA HDD/2GB Integrated Intel Graphics Black",https://mimelon.com/az/lenovo-thinkpad-e490-laptop-with-14-inch-display-core-i7-8565u-processor8gb-ram1tb-sata-hdd2gb-integrated-intel-graphics-black,1553.0,Out of stock
4955,"Lenovo ThinkPad E490 With 14-Inch Display, Core i7 Processor/8GB RAM/1TB HDD/2GB AMD Radeon RX 550X Graphic Card Black",https://mimelon.com/az/lenovo-thinkpad-e490-with-14-inch-display-core-i7-processor8gb-ram1tb-hdd2gb-amd-radeon-rx-550x-graphic-card-black,1549.0,Out of stock
4954,"hp Spectre x360 2-in-1 13.3-Inch Display, Core i7 Processor/16GB RAM/512GB SSD/Integrated Graphics With English Keyboard Dark Ash",https://mimelon.com/az/hp-spectre-x360-2-in-1-133-inch-display-core-i7-processor16gb-ram512gb-ssdintegrated-graphics-with-english-keyboard-dark-ash,2505.0,Out of stock
4953,"DELL Vostro 3568 Laptop With 15.6-Inch Display, Core i3 Processer/4GB RAM/1TB HDD/Intel HD Graphics 520 Black",https://mimelon.com/az/dell-vostro-3568-laptop-with-156-inch-display-core-i3-processer4gb-ram1tb-hddintel-hd-graphics-520-black,668.0,Out of stock
4952,"ASUS Vivobook X507MA-BR013T Laptop With 15.6-Inch Display, Celeron Processor/4GB RAM/1TB HDD/ Intel UHD Graphics 600 Grey",https://mimelon.com/az/asus-vivobook-x507ma-br013t-laptop-with-156-inch-display-celeron-processor4gb-ram1tb-hdd-intel-uhd-graphics-600-grey,569.0,Out of stock
4951,"DELL Inspiron 3567 15.6-Inch Display, Core i3 Processor/4GB RAM/1TB HDD/Integrated HD 520 Graphics Black",https://mimelon.com/az/dell-inspiron-3567-156-inch-display-core-i3-processor4gb-ram1tb-hddintegrated-hd-520-graphics-black,621.0,
4938,"Lenovo ThinkPad E580 Laptop With 15.6-Inch Display, Core i5 Processor/4GB RAM/500GB HDD/Intel HD Graphics 620 Black",https://mimelon.com/az/lenovo-thinkpad-e580-laptop-with-156-inch-display-core-i5-processor4gb-ram500gb-hddintel-hd-graphics-620-black,1044.0,
4931,DELL Inspiron 7570 15.6-Inch Display Core i7 Processor/4GB RAM/1TB HDD/4GB NVIDIA GeForce GT 940MX Graphic Card Silver,https://mimelon.com/az/dell-inspiron-7570-156-inch-display-core-i7-processor4gb-ram1tb-hdd4gb-nvidia-geforce-gt-940mx-graphic-card-silver,1577.0,
4929,"Lenovo IdeaPad 330 Laptop With 15.6-Inch Display, Core i3 Processor/4GB RAM/1TB HDD/Intel UHD Graphics 620 Onyx Black",https://mimelon.com/az/lenovo-ideapad-330-laptop-with-156-inch-display-core-i3-processor4gb-ram1tb-hddintel-uhd-graphics-620-onyx-black,668.0,
4928,"Lenovo Ideapad 130 Laptop With 14-Inch Display, Core i3 7020U Processor/4GB RAM/1TB HDD Black",https://mimelon.com/az/lenovo-ideapad-130-laptop-with-14-inch-display-core-i3-7020u-processor4gb-ram1tb-hdd-black,585.0,Out of stock
4927,"hp 14-CK0066ST Laptop With 14-Inch Display, Core i5-8250U Processor/8GB RAM/1TB HDD/Intel UHD 620 Graphics Silver",https://mimelon.com/az/hp-14-ck0066st-laptop-with-14-inch-display-core-i5-8250u-processor8gb-ram1tb-hddintel-uhd-620-graphics-silver,1047.0,Out of stock
4926,"DELL Inspiron 3552 With 15.6-Inch Display, Celeron N3060 Processor/4 GB RAM/500 GB HDD/Intel HD Graphics Black",https://mimelon.com/az/dell-inspiron-3552-with-156-inch-display-celeron-n3060-processor4-gb-ram500-gb-hddintel-hd-graphics-black,416.0,Out of stock
4925,"DELL Inspiron 3573 Laptop With 15.6-Inch Display, Celeron Processor/4GB RAM/500GB HDD/Intel UHD Graphics 600 Black",https://mimelon.com/az/dell-inspiron-3573-laptop-with-156-inch-display-celeron-processor4gb-ram500gb-hddintel-uhd-graphics-600-black,418.0,Out of stock
4924,"Lenovo V130-15LKB Laptop With 15.6-Inch Display, Core i3-7020U Processor/4GB RAM/1TB HDD/Intel Integrated Graphics/ Iron Grey",https://mimelon.com/az/lenovo-v130-15lkb-laptop-with-156-inch-display-core-i3-7020u-processor4gb-ram1tb-hddintel-integrated-graphics-iron-grey,568.0,Out of stock
4923,"Acer Aspire 3 With 15.6-Inch Display, Celeron Processor/4GB RAM/500GB SSD/Integrated Graphics/Arabic Keyboard Obsidian Black",https://mimelon.com/az/acer-aspire-3-with-156-inch-display-celeron-processor4gb-ram500gb-ssdintegrated-graphicsarabic-keyboard-obsidian-black,477.0,Out of stock
4891,"hp 3YA28EA Laptop With 15.6-Inch Display, Core i3 Processor/4GB RAM/500GB HDD/Intel HD Graphics 5500 Black",https://mimelon.com/az/hp-3ya28ea-laptop-with-156-inch-display-core-i3-processor4gb-ram500gb-hddintel-hd-graphics-5500-black,564.0,Out of stock
4890,"Lenovo Thinkpad E590 Laptop With 15.6-Inch Display, Core i5 Processor/8GB RAM/1TB HDD/2GB AMD Graphic Card Black",https://mimelon.com/az/lenovo-thinkpad-e590-laptop-with-156-inch-display-core-i5-processor8gb-ram1tb-hdd2gb-amd-graphic-card-black,1095.0,Out of stock
4889,"Lenovo Ideapad S145 Laptop With 14-Inch Display, Core i7 Processor/8GB RAM/1TB HDD/Intel UHD Graphics 620 Black",https://mimelon.com/az/lenovo-ideapad-s145-laptop-with-14-inch-display-core-i7-processor8gb-ram1tb-hddintel-uhd-graphics-620-black,1100.0,Out of stock
4888,"DELL Alienware 15 R2 Gaming Laptop With 15.6-Inch Display, Core i7 Processor/16GB RAM/1TB HDD+512GB SSD Hybrid Drive/3GB NVIDIA GeForce GTX 970M Graphic Card Silver/Black",https://mimelon.com/az/dell-alienware-15-r2-gaming-laptop-with-156-inch-display-core-i7-processor16gb-ram1tb-hdd512gb-ssd-hybrid-drive3gb-nvidia-geforce-gtx-970m-graphic-card-silverblack,2868.0,Out of stock
4887,"Lenovo Ideapad 330 Laptop With 15.6-Inch Display, Core i5-8250U Processor/4GB RAM/1TB HDD/Intel Integrated Graphics Onyx Black",https://mimelon.com/az/lenovo-ideapad-330-laptop-with-156-inch-display-core-i5-8250u-processor4gb-ram1tb-hddintel-integrated-graphics-onyx-black,698.0,Out of stock
4886,"Lenovo Laptop With 11.6-Inch Display, Celeron N4000 Processor/4GB RAM/500GB HDD Blue",https://mimelon.com/az/lenovo-laptop-with-116-inch-display-celeron-n4000-processor4gb-ram500gb-hdd-blue,679.0,Out of stock
4885,"hp 15-da1016ne Laptop With 15.6-Inch Display, Core i5-8265U Processor/8GB RAM/1TB HDD/4GB NVIDIA GeForce MX130 Graphics Card Silver",https://mimelon.com/az/hp-15-da1016ne-laptop-with-156-inch-display-core-i5-8265u-processor8gb-ram1tb-hdd4gb-nvidia-geforce-mx130-graphics-card-silver,1207.0,Out of stock
4884,"hp Hp Laptop 15.6, 500 Gb, 4 Gb Ram, Intel Celeron N3060, Dos, Grey - Hp 15 -Ra008Nx Grey",https://mimelon.com/az/hp-hp-laptop-156-500-gb-4-gb-ram-intel-celeron-n3060-dos-grey-hp-15-ra008nx-grey,416.0,Out of stock
4883,"Lenovo IdeaPad 330 Laptop With 15.6-Inch Display, Core i3-8130U Processor/4GB RAM/1TB HDD/Intel UHD Graphics Plum Purple",https://mimelon.com/az/lenovo-ideapad-330-laptop-with-156-inch-display-core-i3-8130u-processor4gb-ram1tb-hddintel-uhd-graphics-plum-purple,812.0,Out of stock
4882,"hp RA009NX With 15.6-Inch Display, Celeron N3060/4GB RAM/500GB HDD/Intel HD 400 Graphics Black",https://mimelon.com/az/hp-ra009nx-with-156-inch-display-celeron-n30604gb-ram500gb-hddintel-hd-400-graphics-black,578.0,Out of stock
4881,"iLife Zed Air CX3 Laptop With 15.6-Inch Display, Core i3 Processor/4GB RAM/1TB HDD/Integrated Intel HD Graphics 5500 Silver",https://mimelon.com/az/ilife-zed-air-cx3-laptop-with-156-inch-display-core-i3-processor4gb-ram1tb-hddintegrated-intel-hd-graphics-5500-silver,549.0,Out of stock
4880,"Acer Extensa 15-EX2519 With 15.6-Inch Display, Celeron N3060 Processor/4 GB RAM/500 GB HDD/Intel HD Graphics 400/English-Arabic Keyboard Black",https://mimelon.com/az/acer-extensa-15-ex2519-with-156-inch-display-celeron-n3060-processor4-gb-ram500-gb-hddintel-hd-graphics-400english-arabic-keyboard-black,372.0,Out of stock
4879,"hp Pavilion x360 14-cd1010ne 2-In-1 Laptop With 14-Inch Display, Core i3-8145U Processor/4GB RAM/1TB HDD/Intel UHD Graphics 620 Silver",https://mimelon.com/az/hp-pavilion-x360-14-cd1010ne-2-in-1-laptop-with-14-inch-display-core-i3-8145u-processor4gb-ram1tb-hddintel-uhd-graphics-620-silver,1051.0,Out of stock
4878,"hp Pavilion 13-an0007ne Laptop With 13.3-Inch Display, Core i7-8565U Processor/8GB RAM/256GB HDD/Intel UHD Graphics 620 Natural Silver",https://mimelon.com/az/hp-pavilion-13-an0007ne-laptop-with-133-inch-display-core-i7-8565u-processor8gb-ram256gb-hddintel-uhd-graphics-620-natural-silver,1577.0,Out of stock
4877,"hp 15-ra008nia Laptop With 15.6 Inch Display, Intel Celeron N3060 Processor/4GB RAM/500GB HDD/ Integrated Intel HD Graphics 400 Black",https://mimelon.com/az/hp-15-ra008nia-laptop-with-156-inch-display-intel-celeron-n3060-processor4gb-ram500gb-hdd-integrated-intel-hd-graphics-400-black,406.0,Out of stock
4869,"ASUS 15 X509FA Laptop With 15.6-Inch Display, Core i5-8265U Processor/4GB RAM/1TB HDD/Intel UHD Graphics 620 Grey",https://mimelon.com/az/asus-15-x509fa-laptop-with-156-inch-display-core-i5-8265u-processor4gb-ram1tb-hddintel-uhd-graphics-620-grey,1051.0,Out of stock
4844,hp Pavilion 15-da1004ne Notebook Laptop With 15.6-Inch Display/Intel Core i5 Processor/16GB RAM/1TB HDD/4GB NVIDIA GeForce MX130 Graphic Card With English/Arabic Keyboard Gold,https://mimelon.com/az/hp-pavilion-15-da1004ne-notebook-laptop-with-156-inch-displayintel-core-i5-processor16gb-ram1tb-hdd4gb-nvidia-geforce-mx130-graphic-card-with-englisharabic-keyboard-gold,1577.0,Out of stock
4830,"hp Notebook 15-da0130ne With 15.6-Inch Display, Intel Celeron Processor/4GB RAM/1TB SSD/Intel UHD Graphics 600 Black",https://mimelon.com/az/hp-notebook-15-da0130ne-with-156-inch-display-intel-celeron-processor4gb-ram1tb-ssdintel-uhd-graphics-600-black,573.0,Out of stock
4829,"ASUS X543UA-GQ1849T Notebook With 15.6-Inch Display, Core i5 Processor/4GB RAM/1TB HDD/Intel HD Graphics 620 Transparent Silver",https://mimelon.com/az/asus-x543ua-gq1849t-notebook-with-156-inch-display-core-i5-processor4gb-ram1tb-hddintel-hd-graphics-620-transparent-silver,1147.0,Out of stock
4828,"Lenovo Carbon 20HR0008AD Notebook With 14-Inch Display, Intel Core i7 Processor/16GB RAM/512GB SSD/Intel HD Graphics 620 Black",https://mimelon.com/az/lenovo-carbon-20hr0008ad-notebook-with-14-inch-display-intel-core-i7-processor16gb-ram512gb-ssdintel-hd-graphics-620-black,3585.0,Out of stock
4827,"Lenovo Carbon 20HR0003AD Notebook With 14-Inch Display, Intel Core i7 Processor/16GB RAM/1TB SSD/Intel HD Graphics 620 Black",https://mimelon.com/az/lenovo-carbon-20hr0003ad-notebook-with-14-inch-display-intel-core-i7-processor16gb-ram1tb-ssdintel-hd-graphics-620-black,3824.0,Out of stock
4826,"hp ProBook 640 G3 Notebook With 14-Inch Display, Core i5 Processor/4GB RAM/500GB HDD/Intel HD Graphics 620 And English/Arabic Keyboard Black",https://mimelon.com/az/hp-probook-640-g3-notebook-with-14-inch-display-core-i5-processor4gb-ram500gb-hddintel-hd-graphics-620-and-englisharabic-keyboard-black,1433.0,Out of stock
4825,"DELL XPS 13 9360 Notebook With 13.3-Inch Display, Core i7 Processor/8GB RAM/256GB SSD/Intel HD Graphics 620 Black",https://mimelon.com/az/dell-xps-13-9360-notebook-with-133-inch-display-core-i7-processor8gb-ram256gb-ssdintel-hd-graphics-620-black,3346.0,Out of stock
4823,"hp EliteBook 840 Notebook With 14-Inch Display, Core i5 Processor/4GB RAM/500GB HDD/Intel HD Graphics 520 Silver",https://mimelon.com/az/hp-elitebook-840-notebook-with-14-inch-display-core-i5-processor4gb-ram500gb-hddintel-hd-graphics-520-silver,1672.0,Out of stock
4821,"hp Spectre x2 Notebook With 12.3-Inch Display, Core i7 Processor/8GB RAM/512GB SSD/Intel HD Graphics 640 Black",https://mimelon.com/az/hp-spectre-x2-notebook-with-123-inch-display-core-i7-processor8gb-ram512gb-ssdintel-hd-graphics-640-black,2868.0,Out of stock
4820,"ASUS VivoBook TP410UR-EC089T Notebook With 15.6-Inch Display, Core i5 Processor/6GB RAM/1TB HDD/NVIDIA GeForce GTX930MX Graphics With English/Arabic Keyboard Grey",https://mimelon.com/az/asus-vivobook-tp410ur-ec089t-notebook-with-156-inch-display-core-i5-processor6gb-ram1tb-hddnvidia-geforce-gtx930mx-graphics-with-englisharabic-keyboard-grey,1338.0,Out of stock
4819,"ASUS GL502VM-FY185T Notebook With 15.6-Inch Display, Intel Core i7 Processor/16GB RAM/1TB HDD+256GB SSD Hybrid Drive/6GB NVIDIA GeForce GTX 1060 Graphic Card Gold",https://mimelon.com/az/asus-gl502vm-fy185t-notebook-with-156-inch-display-intel-core-i7-processor16gb-ram1tb-hdd256gb-ssd-hybrid-drive6gb-nvidia-geforce-gtx-1060-graphic-card-gold,2772.0,Out of stock
4818,"Lenovo ThinkPad X270 Notebook With 12.5-Inch Display, Core i5 Processor/8GB RAM/256GB SSD/Intel HD Graphics 620 Black",https://mimelon.com/az/lenovo-thinkpad-x270-notebook-with-125-inch-display-core-i5-processor8gb-ram256gb-ssdintel-hd-graphics-620-black,2223.0,Out of stock
4810,"DELL Inspiron 14 5480 Notebook With 14-Inch Display, Core i7 Processor/16GB RAM/128GB SSD+1TB HDD Hybrid Drive/2GB NVIDIA GeForce MX 250 Graphics Card Silver",https://mimelon.com/az/dell-inspiron-14-5480-notebook-with-14-inch-display-core-i7-processor16gb-ram128gb-ssd1tb-hdd-hybrid-drive2gb-nvidia-geforce-mx-250-graphics-card-silver,2127.0,Out of stock
4809,"Lenovo ThinkPad T580 Notebook With 15.6-Inch Display, Core i5 Processor/4GB RAM/500GB HDD/Intel UHD Graphics 620 Black",https://mimelon.com/az/lenovo-thinkpad-t580-notebook-with-156-inch-display-core-i5-processor4gb-ram500gb-hddintel-uhd-graphics-620-black,1960.0,Out of stock
4806,"Lenovo Y530-15ICH Legion Notebook With 15.6-Inch Display, Core i7 Processor/8GB RAM/1TB HDD/4GB NVIDIA GeForce GTX 1050 Graphic Card",https://mimelon.com/az/lenovo-y530-15ich-legion-notebook-with-156-inch-display-core-i7-processor8gb-ram1tb-hdd4gb-nvidia-geforce-gtx-1050-graphic-card,1720.0,Out of stock
4796,"Lenovo Ideapad 330S Notebook With 15-Inch Display, Core i7 Processor/12GB RAM/1TB HDD + 128GB SSD Hybrid Drive/4GB AMD Radeon 540 Graphics Card Grey",https://mimelon.com/az/lenovo-ideapad-330s-notebook-with-15-inch-display-core-i7-processor12gb-ram1tb-hdd-128gb-ssd-hybrid-drive4gb-amd-radeon-540-graphics-card-grey,1912.0,Out of stock
4795,"Lenovo ThinkPad 20J1001MAD Notebook With 13.3-Inch Display, Intel Core i7 Processor/8GB RAM/256GB SSD/Integrated Graphics Black",https://mimelon.com/az/lenovo-thinkpad-20j1001mad-notebook-with-133-inch-display-intel-core-i7-processor8gb-ram256gb-ssdintegrated-graphics-black,1860.0,Out of stock
4794,hp Pavilion Notebook With 13.3-Inch Display/Intel Core i5 Processor/8GB RAM/256GB SSD/Intel UHD Graphics 620 With English/Arabic Keyboard Silver,https://mimelon.com/az/hp-pavilion-notebook-with-133-inch-displayintel-core-i5-processor8gb-ram256gb-ssdintel-uhd-graphics-620-with-englisharabic-keyboard-silver,1672.0,Out of stock
4791,"hp Probook 1TT33ES-ENG Notebook With 15.6-Inch Display, Intel Core i5 Processor/8GB RAM/1TB HDD/2GB NVIDIA Graphic Card And English Keyboard Black",https://mimelon.com/az/hp-probook-1tt33es-eng-notebook-with-156-inch-display-intel-core-i5-processor8gb-ram1tb-hdd2gb-nvidia-graphic-card-and-english-keyboard-black,1218.0,Out of stock
4790,ASUS S510UR-BQ197T Notebook With 15.6-Inch Display/Intel Core i5 Processor/8GB RAM/1TB HDD/2GB NVIDIA GeForce 930MX Graphics Gold,https://mimelon.com/az/asus-s510ur-bq197t-notebook-with-156-inch-displayintel-core-i5-processor8gb-ram1tb-hdd2gb-nvidia-geforce-930mx-graphics-gold,1209.0,Out of stock
4789,"hp ProBook 450G5 Notebook With 15.6-Inch Display, Core i5 Processor/4GB RAM/500GB HDD/Intel UHD Graphics 620 Silver",https://mimelon.com/az/hp-probook-450g5-notebook-with-156-inch-display-core-i5-processor4gb-ram500gb-hddintel-uhd-graphics-620-silver,1194.0,Out of stock
4788,Lenovo I320-4BAX Notebook With 14-Inch Display/Intel Core i5 Processor/8GB RAM/2TB HDD/4GB Integrated Graphics Grey,https://mimelon.com/az/lenovo-i320-4bax-notebook-with-14-inch-displayintel-core-i5-processor8gb-ram2tb-hdd4gb-integrated-graphics-grey,1171.0,Out of stock
4786,"DELL Inspiron 15 5570 Notebook With 15.6-Inch Display, Core i5 Processor/4GB RAM/1TB HDD/2GB AMD Radeon 530 Graphic Card Black",https://mimelon.com/az/dell-inspiron-15-5570-notebook-with-156-inch-display-core-i5-processor4gb-ram1tb-hdd2gb-amd-radeon-530-graphic-card-black,1142.0,Out of stock
4785,"Lenovo ThinkPad E570-20H50079AD Notebook With 15.6-Inch Display, Intel Core i5 Processor/4GB RAM/500GB SSD/Integrated Graphics Black",https://mimelon.com/az/lenovo-thinkpad-e570-20h50079ad-notebook-with-156-inch-display-intel-core-i5-processor4gb-ram500gb-ssdintegrated-graphics-black,1142.0,Out of stock
4784,"Acer SP314-51-53FV Notebook With 14-Inch Display, Core i5 Processor/8GB RAM/1TB HDD/Intel UHD Graphics 620",https://mimelon.com/az/acer-sp314-51-53fv-notebook-with-14-inch-display-core-i5-processor8gb-ram1tb-hddintel-uhd-graphics-620,1116.0,Out of stock
4783,"Lenovo ThinkPad E580 Notebook With 15.6-Inch Display, Core i5 Processor/4GB RAM/500GB HDD/2GB AMD Radeon Graphics",https://mimelon.com/az/lenovo-thinkpad-e580-notebook-with-156-inch-display-core-i5-processor4gb-ram500gb-hdd2gb-amd-radeon-graphics,1100.0,Out of stock
4782,"hp Notebook 15-bs009ne With 15.6-Inch Display, Core i5 Processor/6GB RAM/1TB HDD/AMD Radeon 520 Graphics Gold",https://mimelon.com/az/hp-notebook-15-bs009ne-with-156-inch-display-core-i5-processor6gb-ram1tb-hddamd-radeon-520-graphics-gold,1099.0,Out of stock
4780,"Lenovo 80YD002JAX Notebook With 14-Inch Display, Intel Core i5 Processor/6GB RAM/1TB HDD/2GB AMD Radeon 530 Graphic Card Grey/Black",https://mimelon.com/az/lenovo-80yd002jax-notebook-with-14-inch-display-intel-core-i5-processor6gb-ram1tb-hdd2gb-amd-radeon-530-graphic-card-greyblack,1076.0,Out of stock
4779,"Lenovo Ideapad 330S Notebook With 14-Inch Display, Core i5 Processor/6GB RAM/1TB HDD/2GB AMD Radeon 535 Graphics Card Blue",https://mimelon.com/az/lenovo-ideapad-330s-notebook-with-14-inch-display-core-i5-processor6gb-ram1tb-hdd2gb-amd-radeon-535-graphics-card-blue,1051.0,Out of stock
4778,"DELL Inspiron 3580 Notebook With 15.6-Inch Display, Core i5 Processor/4GB RAM/1TB HDD/2GB AMD Radeon 520 Graphics Card Black",https://mimelon.com/az/dell-inspiron-3580-notebook-with-156-inch-display-core-i5-processor4gb-ram1tb-hdd2gb-amd-radeon-520-graphics-card-black,1047.0,Out of stock
4770,"Lenovo Ideapad 330S Notebook With 14-Inch Display, Core i5 Processor/4GB RAM/1TB HDD/Intel UHD Graphics 620 Blue",https://mimelon.com/az/lenovo-ideapad-330s-notebook-with-14-inch-display-core-i5-processor4gb-ram1tb-hddintel-uhd-graphics-620-blue,992.0,Out of stock
4769,"Acer A515-51G-81KB Notebook With 15.6-Inch Display, Core i7 Processor/8GB RAM/1TB HDD/2GB NVIDIA Geforce 130MX Graphics Card Black",https://mimelon.com/az/acer-a515-51g-81kb-notebook-with-156-inch-display-core-i7-processor8gb-ram1tb-hdd2gb-nvidia-geforce-130mx-graphics-card-black,1194.0,Out of stock
4768,"Lenovo Ideapad 530s Notebook With 14-Inch Display, Core i7 Processor/8GB RAM/256GB SSD/2GB NVIDIA GeForce MX150 Graphics Card Grey",https://mimelon.com/az/lenovo-ideapad-530s-notebook-with-14-inch-display-core-i7-processor8gb-ram256gb-ssd2gb-nvidia-geforce-mx150-graphics-card-grey,1672.0,Out of stock
4767,"Lenovo 330-15IKBR Notebook Laptop With 15.6-Inch Display, Core i5 Processor/4GB RAM/1TB HDD/Intel UHD Graphics 620 Onyx Black",https://mimelon.com/az/lenovo-330-15ikbr-notebook-laptop-with-156-inch-display-core-i5-processor4gb-ram1tb-hddintel-uhd-graphics-620-onyx-black,760.0,Out of stock
4639,"iLife ZedAir H6 Notebook With 14-Inch Display, Intel Celeron Processor/6GB RAM/500GB HDD/Intel HD Graphics 500/Arabic Keyboard Grey",https://mimelon.com/az/ilife-zedair-h6-notebook-with-14-inch-display-intel-celeron-processor6gb-ram500gb-hddintel-hd-graphics-500arabic-keyboard-grey,477.0,Out of stock
4638,"HP 250 G6 Notebook With 15.6-Inch Display, Celeron Processor/4GB RAM/500GB HDD/Integrated Intel HD Graphics 400/English Keyboard Grey",https://mimelon.com/az/hp-250-g6-notebook-with-156-inch-display-celeron-processor4gb-ram500gb-hddintegrated-intel-hd-graphics-400english-keyboard-grey,440.0,Out of stock
4636,"Lenovo Ideapad 330S Notebook With 14-Inch Display, Core i3 Processor/4GB RAM/1TB HDD/Intel HD Graphics 620 Blue",https://mimelon.com/az/lenovo-ideapad-330s-notebook-with-14-inch-display-core-i3-processor4gb-ram1tb-hddintel-hd-graphics-620-blue,801.0,
4635,"Lenovo Notebook V130 With 15.6-Inch Display, Core i5 Processor/4GB RAM/1TB HDD/Integrated Graphics Black",https://mimelon.com/az/lenovo-notebook-v130-with-156-inch-display-core-i5-processor4gb-ram1tb-hddintegrated-graphics-black,788.0,Out of stock
4634,"ASUS Notebook 15.6-Inch Display, Celeron Processor/2GBRAM/500GB HDD/Integrated Graphics With Arabic/English Keyboard Black",https://mimelon.com/az/asus-notebook-156-inch-display-celeron-processor2gbram500gb-hddintegrated-graphics-with-arabicenglish-keyboard-black,454.0,Out of stock
4633,Dell INS5378-1074-GY Notebook With 13.3-Inch Display/Intel Core i3 Processor/4GB RAM/1TB HDD/Intel HD Graphics And English Keyboard Grey,https://mimelon.com/az/dell-ins5378-1074-gy-notebook-with-133-inch-displayintel-core-i3-processor4gb-ram1tb-hddintel-hd-graphics-and-english-keyboard-grey,907.0,Out of stock
4631,"ASUS X507UA Notebook Laptop With 15.6-Inch Display, Core i3 Processor/4GB RAM/1TB HDD/ Intel HD Graphics 520 Grey",https://mimelon.com/az/asus-x507ua-notebook-laptop-with-156-inch-display-core-i3-processor4gb-ram1tb-hdd-intel-hd-graphics-520-grey,755.0,Out of stock
4630,"Microsoft JKM-00020 Surface Notebook With 13.5-Inch Display, Core i5 7200U Processor/8GB RAM/256GB SSD Intel HD Graphics 620 Platinum",https://mimelon.com/az/microsoft-jkm-00020-surface-notebook-with-135-inch-display-core-i5-7200u-processor8gb-ram256gb-ssd-intel-hd-graphics-620-platinum,2103.0,Out of stock
4629,"HP Envy 13-ah1002ne Notebook Laptop With 13.3-Inch Display, Core i7 Processor/8GB/512GB SDD/2GB NVIDIA GeForce MX150 Graphic Card With English/Arabic Keyboard Pale Gold",https://mimelon.com/az/hp-envy-13-ah1002ne-notebook-laptop-with-133-inch-display-core-i7-processor8gb512gb-sdd2gb-nvidia-geforce-mx150-graphic-card-with-englisharabic-keyboard-pale-gold,2007.0,Out of stock
4628,"Dell XPS Notebook With 13-Inch Display, Core i5 Processor/8GB RAM/128GB SSD/Integrated Graphics Silver",https://mimelon.com/az/dell-xps-notebook-with-13-inch-display-core-i5-processor8gb-ram128gb-ssdintegrated-graphics-silver,1912.0,Out of stock
4627,"Dell Inspiron 3573 Notebook With 15.6 Inch Display, Celeron Processor/4GB RAM/500GB HDD/Intel UHD Graphics 600 Black",https://mimelon.com/az/dell-inspiron-3573-notebook-with-156-inch-display-celeron-processor4gb-ram500gb-hddintel-uhd-graphics-600-black,716.0,Out of stock
4625,"HP Spectre Notebook 13 With 13.3-Inch Display, Core i7 Processor/8GB RAM/512GB SSD/Integrated Intel Graphics 620 With English/Arabic Keyboard Dark Ash Silver",https://mimelon.com/az/hp-spectre-notebook-13-with-133-inch-display-core-i7-processor8gb-ram512gb-ssdintegrated-intel-graphics-620-with-englisharabic-keyboard-dark-ash-silver,9113.0,Out of stock
4620,"Lenovo Ideapad 130 Notebook With 15.6-Inch Display, AMD A9 Processor/8GB RAM/1TB HDD/2GB AMD Radeon 530 Graphics/English-Arabic Keyboard Black",https://mimelon.com/az/lenovo-ideapad-130-notebook-with-156-inch-display-amd-a9-processor8gb-ram1tb-hdd2gb-amd-radeon-530-graphicsenglish-arabic-keyboard-black,712.0,Out of stock
4619,"HP Pavilion 15-cs1001ne Notebook With 15.6-Inch Display, Core i7 Processor/16GB/128GB SSD+ 1TB HDD Hybrid Drive/4GB NVIDIA GeForce MX150 Graphic Card With English/Arabic Keyboard Silver",https://mimelon.com/az/hp-pavilion-15-cs1001ne-notebook-with-156-inch-display-core-i7-processor16gb128gb-ssd-1tb-hdd-hybrid-drive4gb-nvidia-geforce-mx150-graphic-card-with-englisharabic-keyboard-silver,1907.0,Out of stock
4617,"HP Pavilion 14-ce1002ne Notebook With 14-Inch Display, Core i5 Processor/8GB/1TB HDD/2GB NVIDIA GeForce MX150 Graphic Card With English/Arabic Keyboard Pale Gold",https://mimelon.com/az/hp-pavilion-14-ce1002ne-notebook-with-14-inch-display-core-i5-processor8gb1tb-hdd2gb-nvidia-geforce-mx150-graphic-card-with-englisharabic-keyboard-pale-gold,1338.0,Out of stock
4616,HP Pavilion 15-db0001ne Notebook Laptop With 15.6-Inch Display/AMD Processor/4GB RAM/1TB HDD/2GB AMD Radeon 520 Graphic Card With English/Arabic Keyboard Dark Ash Silver,https://mimelon.com/az/hp-pavilion-15-db0001ne-notebook-laptop-with-156-inch-displayamd-processor4gb-ram1tb-hdd2gb-amd-radeon-520-graphic-card-with-englisharabic-keyboard-dark-ash-silver,764.0,Out of stock
4613,"Dell XPS 15 9570 Notebook With 15.6 Inch Display, Core i7 Processor/16GB RAM/512GB SSD/NVIDIA GTX 1050 Ti Graphics Silver",https://mimelon.com/az/dell-xps-15-9570-notebook-with-156-inch-display-core-i7-processor16gb-ram512gb-ssdnvidia-gtx-1050-ti-graphics-silver,3108.0,Out of stock
4611,"HP Pavilion 13-an0008ne Notebook Laptop With 13.3-Inch Display, Core i3 Processor/4GB RAM/128GB SSD/Intel UHD Graphics 620 With English/Arabic Keyboard Silver",https://mimelon.com/az/hp-pavilion-13-an0008ne-notebook-laptop-with-133-inch-display-core-i3-processor4gb-ram128gb-ssdintel-uhd-graphics-620-with-englisharabic-keyboard-silver,1099.0,Out of stock
4608,"Lenovo ThinkPad X280 Notebook With 12.5-Inch Display, Core i5 Processor/8GB RAM/256GB SSD/Intel UHD Graphics 620 Black",https://mimelon.com/az/lenovo-thinkpad-x280-notebook-with-125-inch-display-core-i5-processor8gb-ram256gb-ssdintel-uhd-graphics-620-black,2104.0,Out of stock
4607,"Lenovo Ideapad L340 Notebook With 15.6-Inch Display, Core i7 Processor/16GB RAM/1TB HDD+256GB SSD (Hybrid Drive)/NVIDIA 4GB GeForce GTX 1650 Graphic Card Black",https://mimelon.com/az/lenovo-ideapad-l340-notebook-with-156-inch-display-core-i7-processor16gb-ram1tb-hdd256gb-ssd-hybrid-drivenvidia-4gb-geforce-gtx-1650-graphic-card-black,2055.0,Out of stock
4605,"Lenovo ThinkPad E580 Notebook With 15.6-Inch Display, Core i5 Processor/4GB RAM/500GB HDD/Intel UHD Graphics 620 Black",https://mimelon.com/az/lenovo-thinkpad-e580-notebook-with-156-inch-display-core-i5-processor4gb-ram500gb-hddintel-uhd-graphics-620-black,951.0,Out of stock
4604,"HP Envy 13-ah1000ne Notebook Laptop With 13.3-Inch Display, Core i5 Processor/8GB RAM/128GB SSD/Intel UHD Graphics 620 With English/Arabic Keyboard Silver",https://mimelon.com/az/hp-envy-13-ah1000ne-notebook-laptop-with-133-inch-display-core-i5-processor8gb-ram128gb-ssdintel-uhd-graphics-620-with-englisharabic-keyboard-silver,1481.0,Out of stock
4603,"HP 15-da1007ne Notebook With 15.6-Inch Display, Core i7 Processor/8GB/1TB HDD/4GB NVIDIA GeForce MX130 Graphic Card With English/Arabic Keyboard Silver",https://mimelon.com/az/hp-15-da1007ne-notebook-with-156-inch-display-core-i7-processor8gb1tb-hdd4gb-nvidia-geforce-mx130-graphic-card-with-englisharabic-keyboard-silver,1458.0,Out of stock
4602,HP 14-df0001ne Notebook With 14-Inch Display/Intel Celeron Processor/4GB RAM/64GB Flash/Intel UHD Graphics 600 With English/Arabic Keyboard Dark Ash Silver,https://mimelon.com/az/hp-14-df0001ne-notebook-with-14-inch-displayintel-celeron-processor4gb-ram64gb-flashintel-uhd-graphics-600-with-englisharabic-keyboard-dark-ash-silver,592.0,Out of stock
4601,"HP HP 15-250 G6 Notebook, Processor Intel Celeron N4000, 15.6 Inch HD LED, 500GB HDD, 4GB RAM, DOS Grey",https://mimelon.com/az/hp-hp-15-250-g6-notebook-processor-intel-celeron-n4000-156-inch-hd-led-500gb-hdd-4gb-ram-dos-grey,416.0,Out of stock
4600,"Microsoft Surface Pro Notebook 2017 With 12.3-Inch Display, Core m3 Processor/4GB RAM/128GB SSD/Intel HD Graphics 615 Black",https://mimelon.com/az/microsoft-surface-pro-notebook-2017-with-123-inch-display-core-m3-processor4gb-ram128gb-ssdintel-hd-graphics-615-black,1262.0,Out of stock
4599,"HP ProBook 440G5 Notebook With 14-Inch Display, Core i5 Processor/4GB RAM/500GB HDD/Intel HD Graphics 620 Silver",https://mimelon.com/az/hp-probook-440g5-notebook-with-14-inch-display-core-i5-processor4gb-ram500gb-hddintel-hd-graphics-620-silver,932.0,Out of stock
4598,"Lenovo Legion Y530 Notebook With 15.6-Inch Display, Core i5 Processor/8GB RAM/1TB HDD/4GB NVIDIA Geforce GTX 1050 Graphics Black",https://mimelon.com/az/lenovo-legion-y530-notebook-with-156-inch-display-core-i5-processor8gb-ram1tb-hdd4gb-nvidia-geforce-gtx-1050-graphics-black,1572.0,Out of stock
4597,"Huawei MateBook 13 Notebook With 13-Inch Display, Core i5 Processor/8GB RAM/256GB SSD/Intel UHD Graphics 620 Mystic Silver Mystic Silver",https://mimelon.com/az/huawei-matebook-13-notebook-with-13-inch-display-core-i5-processor8gb-ram256gb-ssdintel-uhd-graphics-620-mystic-silver-mystic-silver,1672.0,Out of stock
4596,"HP Pavilion Notebook With 14-Inch Display, Core i5 Processor/16GB RAM/1TB HDD/2GB NVIDIA Geforce MX 130 Graphics Card Silver",https://mimelon.com/az/hp-pavilion-notebook-with-14-inch-display-core-i5-processor16gb-ram1tb-hdd2gb-nvidia-geforce-mx-130-graphics-card-silver,1194.0,Out of stock
4594,"HP 255 G6 Notebook With 15.6-Inch Display, AMD APU E2 Processor/4GB RAM/500GB HDD/Integarted Graphics Grey",https://mimelon.com/az/hp-255-g6-notebook-with-156-inch-display-amd-apu-e2-processor4gb-ram500gb-hddintegarted-graphics-grey,477.0,Out of stock
4593,"Lenovo Notebook With 15.6-Inch Display, Core Celeron Processor/4GB RAM/1TB SSD/Intel HD Graphics 500 Red",https://mimelon.com/az/lenovo-notebook-with-156-inch-display-core-celeron-processor4gb-ram1tb-ssdintel-hd-graphics-500-red,573.0,Out of stock
4592,"HP 15-da1005ne Notebook Laptop With 15.6-Inch Display, Core i5 Processor/4GB RAM/1TB HDD/NVIDIA 2GB GeForce MX110 Graphic Card With English/Arabic Keyboard Silver",https://mimelon.com/az/hp-15-da1005ne-notebook-laptop-with-156-inch-display-core-i5-processor4gb-ram1tb-hddnvidia-2gb-geforce-mx110-graphic-card-with-englisharabic-keyboard-silver,922.0,Out of stock
4591,"Huawei MateBook 13 Notebook With 13-Inch Display, Core i7 Processor/8GB RAM/512GB SSD/Intel UHD Graphics 620 Space Grey Space Grey",https://mimelon.com/az/huawei-matebook-13-notebook-with-13-inch-display-core-i7-processor8gb-ram512gb-ssdintel-uhd-graphics-620-space-grey-space-grey,3728.0,Out of stock
4590,HP Pavilion 15-da1006ne Notebook Laptop With 15.6-Inch Display/Intel Core i7 Processor/16GB RAM/1TB HDD/4GB NVIDIA GeForce MX130 Graphic Card With English/Arabic Keyboard Dark Ash Silver,https://mimelon.com/az/hp-pavilion-15-da1006ne-notebook-laptop-with-156-inch-displayintel-core-i7-processor16gb-ram1tb-hdd4gb-nvidia-geforce-mx130-graphic-card-with-englisharabic-keyboard-dark-ash-silver,1577.0,Out of stock
4589,"HP Pavilion 14-ce0008ne Notebook With 14-Inch Display, Intel Core i7 Processor/16GB RAM/1TB HDD/2GB NVIDIA GeForce MX150 Graphic Card With English/Arabic Keyboard Pale Gold",https://mimelon.com/az/hp-pavilion-14-ce0008ne-notebook-with-14-inch-display-intel-core-i7-processor16gb-ram1tb-hdd2gb-nvidia-geforce-mx150-graphic-card-with-englisharabic-keyboard-pale-gold,1768.0,Out of stock
4588,"Lenovo Lenovo Ideapad S530 Notebook Laptop With 13.3-inch Display, Intel Core i7-8565U/16GB RAM/512GB SSD/2GB NVIDIA MX150 With English-Arabic Keyboard Copper",https://mimelon.com/az/lenovo-lenovo-ideapad-s530-notebook-laptop-with-133-inch-display-intel-core-i7-8565u16gb-ram512gb-ssd2gb-nvidia-mx150-with-english-arabic-keyboard-copper,2198.0,Out of stock
4587,"HP 15-da1002ne Notebook Laptop With 15.6-Inch Display, Core i3 Processor/4GB RAM/1TB HDD/Intel UHD Graphics 620 With English/Arabic Keyboard Silver",https://mimelon.com/az/hp-15-da1002ne-notebook-laptop-with-156-inch-display-core-i3-processor4gb-ram1tb-hddintel-uhd-graphics-620-with-englisharabic-keyboard-silver,668.0,Out of stock
4586,"iLife ZED AIR Ultra Notebook With 11.6-inch Display, Celeron Processor/2GB RAM/32GB eMMc/Intel HD 500 Graphics Gold",https://mimelon.com/az/ilife-zed-air-ultra-notebook-with-116-inch-display-celeron-processor2gb-ram32gb-emmcintel-hd-500-graphics-gold,382.0,Out of stock
4585,"Lenovo 330-15IGM Ideapad Notebook Laptop With 15.6-Inch Display, Celeron N4000 Processor/4GB RAM/500GB HDD/Intel UHD Graphics 600 Onyx Black",https://mimelon.com/az/lenovo-330-15igm-ideapad-notebook-laptop-with-156-inch-display-celeron-n4000-processor4gb-ram500gb-hddintel-uhd-graphics-600-onyx-black,380.0,Out of stock
4584,HP 15-da1000ne Notebook Laptop With 15.6-Inch Display/Intel Core i7 Processor/8GB RAM/1TB HDD/2GB NVIDIA GeForce MX130 Graphic Card With English/Arabic Keyboard Gold,https://mimelon.com/az/hp-15-da1000ne-notebook-laptop-with-156-inch-displayintel-core-i7-processor8gb-ram1tb-hdd2gb-nvidia-geforce-mx130-graphic-card-with-englisharabic-keyboard-gold,1267.0,Out of stock
3377,"ASUS S510UF-BQ339T Gray i7-8550U, 12GB, 1TB+128GB SSD, 15.6"", 2GB MX130, Win10 Engl/Arb",https://mimelon.com/az/asus-s510uf-bq339t-gray-i7-8550u-12gb-1tb128gb-ssd-156-2gb-mx130-win10-englarb,1649.0,Out of stock
3376,"ASUS X442UR-GA071T Grey , Core i5-8250U, 4GB, 1TB, 14&quot;, 2GB MX130, Win10 Engl/Arb",https://mimelon.com/az/asus-x442ur-ga071t-grey-core-i5-8250u-4gb-1tb-14quot-2gb-mx130-win10-englarb,941.0,Out of stock
3375,"ASUS X407UA-EB072T Gray , Core i5-7200U, 4GB, 1TB, 14"" FHD, Win10 Engl/Arab",https://mimelon.com/az/asus-x407ua-eb072t-gray-core-i5-7200u-4gb-1tb-14-fhd-win10-englarab,860.0,Out of stock
3374,"ASUS X540NA-DM407T Silver , Core i5-8250U, 4GB, 1 TB, 15.6 ,2GB MX110, Win10 , Engl/Arb",https://mimelon.com/az/asus-x540na-dm407t-silver-core-i5-8250u-4gb-1-tb-156-2gb-mx110-win10-englarb,907.0,Out of stock
3367,Asus VivoBook S430FN-EK165T Laptop – Core i7 1.8GHz 16GB 1TB+256GB 2GB Win10 14inch FHD Green,https://mimelon.com/az/asus-vivobook-s430fn-ek165t-laptop-core-i7-18ghz-16gb-1tb256gb-2gb-win10-14inch-fhd-green,1924.0,Out of stock
3268,"Asus VivoBook X540NA-GQ017 Black (Celeron N3350, 4GB, 500GB, 15.6"" HD DVD-RW, Intel HD, Free Dos) Eng",https://mimelon.com/az/asus-vivobook-x540na-gq017-black-celeron-n3350-4gb-500gb-156-hd-dvd-rw-intel-hd-free-dos-eng,454.0,Out of stock
3114,"Lenovo ideapad S530-81J7003NAX Copper (Core i7, 16GB, 512GB SSD, 13.3"" FHD, 2GB GF, Win10) Engl/Arab",https://mimelon.com/az/lenovo-ideapad-s530-81j7003nax-copper-core-i7-16gb-512gb-ssd-133-fhd-2gb-gf-win10-englarab,1959.0,Out of stock
2727,Dell XPS 15 Touch Laptop – Core I9-8950HK 32GB RAM 2TB SSD Nvidia GTX 1050Ti with 4GB GDDR5 Win10 Pro - Silver,https://mimelon.com/az/dell-xps-15-touch-laptop-core-i9-8950hk-32gb-ram-2tb-ssd-nvidia-gtx-1050ti-with-4gb-gddr5-win10-pro-silver,6693.0,Out of stock
2696,"Dell Inspiron 13 2-in-1 7386-13.3"" QHD Touch - i7-8565U - 16GB - 256GB SSD - Black",https://mimelon.com/az/dell-inspiron-13-2-in-1-7386-133-qhd-touch-i7-8565u-16gb-256gb-ssd-black,1604.0,Out of stock
2686,"Dell XPS 9370 Laptop, 13.3"" UHD (3840 x 2160) InfinityEdge Touch Display, 8th Gen Intel Core i7-8550U, 16GB RAM, 512 GB SSD, Windows 10, Silver",https://mimelon.com/az/dell-xps-9370-laptop-133-uhd-3840-x-2160-infinityedge-touch-display-8th-gen-intel-core-i7-8550u-16gb-ram-512-gb-ssd-windows-10-silver,2214.0,Out of stock
2449,"Acer Aspire 3-A315.012 Core i3, 4GB, 1TB, 15.6"" HD, Intel HD, Windows10 Engl/Arab Black",https://mimelon.com/az/acer-aspire-3-a315012-core-i3-4gb-1tb-156-hd-intel-hd-windows10-englarab-black,610.0,Out of stock
2390,Dell Inspiron 3576 Intel Core i5 8th Gen 15.6-inch FHD Laptop 8GB/1TB HDD/Windows 10,https://mimelon.com/az/dell-inspiron-3576-intel-core-i5-8th-gen-156-inch-fhd-laptop-8gb1tb-hddwindows-10,920.0,Out of stock
2387,Dell Latitude 3379-OB Core i5-6300U 8GB 256GB SSD 13.3 FHD Touch X360 Windows 10Pro,https://mimelon.com/az/dell-latitude-3379-ob-core-i5-6300u-8gb-256gb-ssd-133-fhd-touch-x360-windows-10pro,1213.0,
2383,"Dell Inspiron 15-5570 Laptop - Intel Core i5-8250U, 15.6 inch FHD, 1TB HDD, 4GB RAM, AMD 2GB, Ubuntu, Black",https://mimelon.com/az/dell-inspiron-15-5570-laptop-intel-core-i5-8250u-156-inch-fhd-1tb-hdd-4gb-ram-amd-2gb-ubuntu-black,907.0,Out of stock
2379,Dell Inspiron 5379 Core i7-8550U 8GB 256GB SSD 13.3 Touch X360 Graphics 620 Win10,https://mimelon.com/az/dell-inspiron-5379-core-i7-8550u-8gb-256gb-ssd-133-touch-x360-graphics-620-win10,1952.0,
2352,HP EliteBook 820 G4-Intel Core i5-7300U 2.6GHz 8GB DDR4 Memory 256GB SSD Windos10 Pro English Keyboard,https://mimelon.com/az/hp-elitebook-820-g4-intel-core-i5-7300u-26ghz-8gb-ddr4-memory-256gb-ssd-windos10-pro-english-keyboard,1324.0,Out of stock
1926,Xiaomi Mi Notebook Air 13.3 Global Version – Dark Gray 8GB+256GB+Intel Core i5,https://mimelon.com/az/xiaomi-mi-notebook-air-133-global-version-dark-gray-8gb256gbintel-core-i5,1331.0,Out of stock
