product_id,title,url,price_azn,old_price_azn,discount_azn,labels,specs
61265,Asus Tuf A14 FA401UU-MS73 (90NR0JD1-M00430),https://techbar.az/asus-tuf-a14-fa401uu-ms73-90nr0jd1-m00430,1899.0,2279.0,380.0,Satış,"14″ 2.5K IPS 165 Hz ekran | AMD Ryzen 7 8845HS (8 nüvə, 16 thread, 5.1 GHz) | RTX 4050 6 GB GDDR6 GPU | 16 GB LPDDR5x 7500..."
61182,ASUS VivoBook 15 F1504VA-WS51 (90NB10J2-M02410),https://techbar.az/asus-vivobook-15-f1504va-ws51-90nb10j2-m02410,889.0,1066.0,177.0,Satış,"15.6″ FHD (1920×1080) 60 Hz ekran | Intel® Core™ i5-1334U (10 nüvə, 4.6 GHz) | Intel® UHD Graphics | 8 GB RAM"
61159,Noutbuk HP ENVY x360 Laptop 15-fe 0015ci (A02N3EA),https://techbar.az/noutbuk-hp-envy-x360-laptop-15-fe-0015ci-a02n3ea,1499.0,1799.0,300.0,Satış,"15.6"" IPS FHD (1920 × 1080) | Intel Core i5-1335U (10 nüvə, 1.3 – 4.6 GHz) | 16 GB LPDDR5 RAM | 512 GB SSD | FreeDOS | LAN,..."
53733,Asus Vivobook M3604YA-MB106 (90NB11A1-M00440),https://techbar.az/asus-vivobookm3604ya-mb106-90nb11a1-m00440,1099.0,1319.0,220.0,Satış,AMD Ryzen 7 7730U | 16″ WUXGA (1920×1200) IPS ekran | 16 GB DDR4 RAM | 512 GB SSD | AMD Radeon Graphics | 42 Wh 3-hüceyrəli batareya |...
53729,Asus Vivobook 16 M1605YA-MB006 (90NB10R2-M00B30),https://techbar.az/asus-vivobook-16-m1605ya-mb006-90nb10r2-m00b30,969.0,1163.0,194.0,Satış,16″ WUXGA (1920×1200) IPS ekran | AMD Ryzen 5 prosessor | Radeon inteqrasiya olunmuş qrafika | 8 GB RAM | 512GB SSD | 180° açılan dizayn
51652,Lenovo LOQ 15IRX10 Gaming Noutbuk (83JE00L3PS),https://techbar.az/lenovo-loq-15irx10-gaming-noutbuk-83je00l3ps,2349.0,2819.0,470.0,Satış,"15.6″ FHD IPS, 144 Hz | Intel Core i7-13700HX (16 nüvə, 24 axın, 5.0 GHz-ə qədər) | 24 GB DDR5 RAM | 512 GB PCIe 4.0 SSD | NVIDIA..."
36629,Noutbuk HP 250 G10 (AK9P9AT),https://techbar.az/hp-250g10-i5-1334u-15-8gb512-pc,979.0,1175.0,196.0,Satış,"15.6"" Full HD IPS ekran | Intel Core i5-1334U  | 8GB DDR4 RAM | 512GB SSD | Intel Iris Xe qrafikası | FreeDOS"
22893,Notebook HP Pavilion Laptop 15-eg3037ci (84J87EA),https://techbar.az/noutbuk-hp-pavilion-laptop-15-eg3037ci-84j87ea,1299.0,1559.0,260.0,Satış,"15.6″ FHD (1920×1080), IPS, antiglare | Intel Core i5‑1335U | 8 GB DDR4‑3200 MHz | 512 GB NVMe SSD | Intel Iris Xe Graphics | FreeDOS | 1.69 kg | Gümüşü"
21777,Notebook Asus Vivobook E1504FA-L1013W (90NB0ZR1-M00LA0),https://techbar.az/noutbuk-asus-vivobook-e1504fa-l1013w-90nb0zr1-m00la0,1049.0,1259.0,210.0,Satış,Ryzen 5 7520U | Radeon Graphics | 8GB LPDDR5 | 512GB SSD | 15.6″ FHD OLED | 60 Hz | Wi-Fi 6E | BT 5.x | Win 11 Home...
62438,Noutbuk ASUS TUF FX608JHR-RV088 (90NR0NA1-M004U0),https://techbar.az/noutbuk-asus-tuf-fx608jhr-rv088-90nr0na1-m004u0,2396.0,2876.0,480.0,Satış,16″ FHD+ 165 Hz | Intel Core i5-14450HX | RTX 5050 8 GB | 16 GB RAM | 512 GB SSD | RGB klaviatura | Thunderbolt 4
62425,Noutbuk ASUSVivobook S M3607HA-SH097 (90NB16F1-M006D0),https://techbar.az/noutbuk-asusvivobook-s-m3607ha-sh097-90nb16f1-m006d0,1905.0,2286.0,381.0,Satış,16″ Full HD+ | Ryzen 7 260U | AMD Radeon Graphics | Wi-Fi 6 | 1080p kamera | FreeDOS | Matte Gray
62419,Noutbuk Asus Vivobook 17 X1704VA-AU1093 (90NB13X2-M00UH0),https://techbar.az/noutbuk-asus-vivobook-17-x1704va-au1093-90nb13x2-m00uh0,1690.0,2028.0,338.0,Satış,17.3″ Full HD | Intel Core i7-150U | 16 GB DDR5 | 1 TB SSD | Intel Graphics | Wi-Fi 6 | FreeDOS | Quiet Blue
62412,Noutbuk ASUS Vivobook S M3607HA-RP012 (90NB16F2-M005A0),https://techbar.az/noutbuk-asus-vivobook-s-m3607ha-rp012-90nb16f2-m005a0,1541.0,1850.0,309.0,Satış,16″ WUXGA 120 Hz | Ryzen 5 220 | 16 GB DDR5 | 512 GB SSD | AMD Radeon Graphics | Wi-Fi 6 | FreeDOS | Cool Silver
62332,Noutbuk Lenovo ThinkPad X13 Gen 6 (21RK00ADFW),https://techbar.az/noutbuk-lenovo-thinkpad-x13-gen-6-21rk00adfw,3325.0,3990.0,665.0,Satış,Intel Core Ultra 7 255U | AI PC (12 TOPS NPU) | 32 GB LPDDR5x | 512 GB NVMe SSD | 13.3″ WUXGA IPS 400 nit | Wi-Fi 7...
62327,Noutbuk HP EliteBook X Flip G1i 14 inch (B69FLET),https://techbar.az/noutbuk-hp-elitebook-x-flip-g1i-14-inch-b69flet,4064.0,4877.0,813.0,Satış,Intel Core Ultra 7 | 32 GB LPDDR5x | 1 TB NVMe SSD | 14″ WUXGA Touch IPS | 100% sRGB | Windows 11 Pro | Wi-Fi 7 |...
62082,Laptop Lenovo ThinkPad X1 2-in-1 Gen 10 Aura Edition (21NU0021FW),https://techbar.az/laptop-lenovo-thinkpad-x1-2-in-1-gen-10-aura-edition-21nu0021fw,5617.0,6741.0,1124.0,Satış,"Laptop | Windows 11 Pro | Intel® Core™ Ultra 7 258V (8 core, up to 4.8 GHz) | Intel Arc Graphics | 32 GB LPDDR5X RAM | 512 GB..."
61937,Noutbuk Asus Zenbook UX3407QA-QD409W (90NB1501-M00RM0),https://techbar.az/noutbuk-asus-zenbook-ux3407qa-qd409w-90nb1501-m00rm0,2424.0,2909.0,485.0,Satış,14″ OLED 1920×1200 60Hz | Qualcomm Snapdragon X X1-26-100 (2.4–2.9 GHz) | 16GB RAM | 512GB SSD | Qualcomm Adreno Graphics | USB-C | USB 3.2 Gen2 Type-A |...
61837,Noutbuk HP EliteBook Ultra G1i 14 inch (BA0C7ET),https://techbar.az/noutbuk-hp-elitebook-ultra-g1i-14-inch-ba0c7et,4757.0,5709.0,952.0,Satış,"14"" 2.8K OLED Touch | Intel Core Ultra 7 258V | Intel Arc Graphics | 32 GB LPDDR5x | 2 TB PCIe Gen4 SSD | 400 nits, 100% DCI-P3..."
61810,Noutbuk Lenovo ThinkPad X13 Gen 6 (21RK00AEFW),https://techbar.az/noutbuk-lenovo-thinkpad-x13-gen-6-21rk00aefw,2716.0,3260.0,544.0,Satış,"13.3″ WUXGA IPS | Intel Core Ultra 5 225U | Intel AI Boost NPU | 16GB LPDDR5x | 512GB NVMe SSD | 400 nits, 100% sRGB | 5MP IR..."
61804,Noutbuk HP EliteBook 8 G1i 14 inch (AD4M0ET),https://techbar.az/noutbuk-hp-elitebook-8-g1i-14-inch-ad4m0et,2622.0,3147.0,525.0,Satış,14″ WUXGA IPS | Intel Core Ultra 5 225U | Intel Arc Graphics | 16GB DDR5 | 512GB NVMe SSD | 62Wh + Fast Charge | Wi-Fi 6E |...
61090,Asus  Vivobook S3607VA-RP011 (90NB1671-M004V0),https://techbar.az/asus-vivobook-s3607va-rp011-90nb1671-m004v0,1842.0,2211.0,369.0,Satış,"16″ IPS FHD 1200p 144 Hz | Intel Core i7-13620H (10 nüvə, 4.9 GHz) | 16 GB DDR5 RAM, 1 TB SSD | Intel Graphics | Wi-Fi 6 (802.11ax),..."
60419,NB TP ThinkPad X9-15 G1 U7 32G 1T 11P (21Q6006AFW),https://techbar.az/nb-tp-thinkpad-x9-15-g1-u7-32g-1t-11p-21q6006afw,4681.0,5618.0,937.0,Satış,U7 | Intel Arc | 32GB LPDDR5X | 1TB SSD | 15.6″ 2.8K OLED Touch | 120 Hz  | 80 Wh | 1.4 kq | Boz | 3 il...
60404,Noutbuk Lenovo ThinkPad X9-14 G1 (21QA0086FW),https://techbar.az/noutbuk-lenovo-thinkpad-x9-14-g1-21qa0086fw,4662.0,5595.0,933.0,Satış,U7 | Intel Arc | 32GB LPDDR5X | 1TB SSD | 14″ 2.8K OLED Touch | 120 Hz | Win 11 Pro | 55 Wh | 1.27 kq |...
60216,ThinkPad X1 Carbon G13 (21NS004WFW),https://techbar.az/thinkpad-x1-carbon-g13-21ns004wfw,5478.0,6574.0,1096.0,Satış,14″ WUXGA IPS 500 nit | Intel Core Ultra 7 258V | 32 GB RAM | 512 GB SSD | Wi-Fi 7 | Thunderbolt 4 | 8 MP IR...
60209,Noutbuk Lenovo ThinkPad X1 Carbon G13 (21NX00A7FW),https://techbar.az/noutbuk-lenovo-thinkpad-x1-carbon-g13-21nx00a7fw,5066.0,6080.0,1014.0,Satış,"14″ WUXGA IPS (1920×1200) Antiglare | Intel Core Ultra 7 255U (12 nüvə, 5.2 GHz) | Intel Graphics | 32 GB LPDDR5X 8400 MHz | 512 GB SSD M.2..."
60198,Noutbuk Lenovo ThinkPad X9-15 Gen 1 (21Q6001PFW),https://techbar.az/noutbuk-lenovo-thinkpad-x9-15-gen-1-21q6001pfw,4776.0,5732.0,956.0,Satış,"15.3″ 2.8K OLED 120 Hz (100% DCI-P3) | Intel Core Ultra 7 258V (8 nüvə, 4.8 GHz) | Intel Arc Graphics 140V | 32 GB DDR5X | 1 TB..."
60188,Noutbuk Lenovo ThinkPad T14s 2-in-1 G1 (21R3005XFW),https://techbar.az/noutbuk-lenovo-thinkpad-t14s-2-in-1-g1-21r3005xfw,4626.0,5552.0,926.0,Satış,"14″ WUXGA IPS Touch (1920×1200) | Intel Core Ultra 7 255U (12 nüvə, 5.2 GHz) | Intel Graphics | 32 GB LPDDR5x | 1 TB SSD | 500 nits..."
60182,Noutbuk Lenovo ThinkPad T14s G6 (21QX001DRT),https://techbar.az/noutbuk-lenovo-thinkpad-t14s-g6-21qx001drt,4458.0,5350.0,892.0,Satış,"Lenovo 14″ WUXGA IPS (1920×1200) | Intel Core Ultra 7 258V (8 nüvə, 4.8 GHz) | Intel Arc Graphics 140V | 32 GB LPDDR5x RAM | 1 TB SSD..."
60176,Envy x360 / HP OmniBook X Flip x360 14″ Intel (BZ2X0EA),https://techbar.az/envy-x360-hp-omnibook-x-flip-x360-14-intel-bz2x0ea,2828.0,3394.0,566.0,Satış,"14″ WUXGA IPS Touch | Intel Core Ultra 7-256V (8 nüvə, 4.8 GHz) | Intel Arc Graphics | 16 GB LPDDR5X | 1 TB SSD | Wi-Fi + Bluetooth..."
60166,Noutbuk Lenovo ThinkBook 14 2-in-1 G5 IAU (21SQ002QFW),https://techbar.az/noutbuk-lenovo-thinkbook-14-2-in-1-g5-iau-21sq002qfw,2716.0,3260.0,544.0,Satış,"Lenovo | 14″ WUXGA Touch IPS (1920×1200) | Intel Core Ultra 7 255U (12 nüvə, 5.2 GHz) | Intel Arc Graphics | 16 GB DDR5 RAM | 1 TB..."
60158,ThinkPad E14 G7 (21SX004TFW),https://techbar.az/thinkpad-e14-g7-21sx004tfw,2304.0,2765.0,461.0,Satış,"Lenovo | 14″ WUXGA (1920×1200) IPS | Intel Core 5 210H (8 nüvə, 2.2 GHz) | 16 GB DDR5 | 512 GB SSD | Intel Graphics | 1080p kamera..."
60150,ThinkBook 14 2-in-1 G5 IAU (21SQ002RFW),https://techbar.az/thinkbook-14-2-in-1-g5-iau-21sq002rfw,2079.0,2495.0,416.0,Satış,"Lenovo | 14″ WUXGA Touch IPS (1920×1200) | Intel Core Ultra 5 225U (12 nüvə, 4.8 GHz) | Intel Arc Graphics | 16 GB DDR5 | 512 GB SSD..."
60080,ThinkPad E14 G7 (21SX004UFW),https://techbar.az/thinkpad-e14-g7-21sx004ufw,2004.0,2405.0,401.0,Satış,"Lenovo | 14″ IPS FHD+ (1920×1200) | Intel Core Ultra 5 225U (12 nüvə, 4.8 GHz) | Intel Graphics | 16 GB DDR5 | 512 GB SSD | Thunderbolt..."
59039,Asus  Vivobook S3407CA-LY013 (90NB16J2-M006R0),https://techbar.az/asus-vivobook-s3407ca-ly013-90nb16j2-m006r0,1747.0,2097.0,350.0,Satış,14″ WUXGA (1920×1200) IPS | Intel® Core™ i5-13420H (up to 4.6 GHz) | 16 GB DDR5 RAM | 512 GB PCIe 4.0 SSD | Windows 11 Home | Wi-Fi...
59029,ASUS Vivobook S14 M3407HA-SF077 (90NB16E2-M00560),https://techbar.az/asus-vivobook-s14-m3407ha-sf077-90nb16e2-m00560,1534.0,1841.0,307.0,Satış,14″ WUXGA (1920×1200) IPS | AMD Ryzen™ 7 7730U | 16 GB DDR5 RAM | 512 GB SSD | AMD Radeon™ Graphics | Wi-Fi 6 | 1.4 kq |...
59024,ASUS Vivobook  M3607HA-SH149 (90NB16F1-M00920),https://techbar.az/asus-vivobook-m3607ha-sh149-90nb16f1-m00920,1877.0,2253.0,376.0,Satış,"ASUS Vivobook  | 16"" IPS (1920×1200) 144 Hz | AMD Ryzen™ 7 260 | 32 GB DDR5 RAM | 1 TB PCIe 4.0 SSD | Radeon™ Graphics | Wi-Fi..."
58949,Asus  Vivobook V3607VU-RP148 (90NB15Q1-M00R60),https://techbar.az/asus-vivobook-v3607vu-rp148-90nb15q1-m00r60,2282.0,2739.0,457.0,Satış,"ASUS V16 | Intel Core 5 210H (8 nüvə, up to 4.8 GHz) | NVIDIA GeForce RTX 4050 6GB| 16"" WUXGA IPS | 16 GB DDR5 RAM | 512..."
58875,HP OmniBook 5LaptopAI 16-af1001c (BM0Q2EA),https://techbar.az/hp-omnibook-5laptopai-16-af1001c-bm0q2ea,1831.0,2198.0,367.0,Satış,"HP 16"" Laptop | Intel Ultra 5-225U  16 GB RAM | 512 GB SSD | Intel Graphics | 16"" IPS 1920×1200 | Wi-Fi 6E, Bluetooth 5.3 | 1080p FaceTime..."
58868,ASUS Vivobook S16 S3607CA-SH107 (90NB16I2-M007M0),https://techbar.az/asus-vivobook-s16-s3607ca-sh107-90nb16i2-m007m0,1831.0,2198.0,367.0,Satış,"ASUS VivoBook S16 | FreeDOS | Intel® Core™ Ultra 5 225H | Intel Arc Graphics | 16"" WUXGA OLED | 16 GB DDR5 RAM | 512 GB SSD |..."
58859,HP OmniBook 5 Laptop16-bc1004ci (C16LHEA),https://techbar.az/hp-omnibook-5-laptop16-bc1004ci-c16lhea,1785.0,2142.0,357.0,Satış,HP OmniBook 5 16-bc1004ci | Windows 11 | AMD Ryzen™ 5 8540U (up to 4.9 GHz) | AMD Radeon™ 740M | 8 GB LPDDR5 RAM | 512 GB NVMe...
58797,Asus  VivobookS3407CA-LY014 (90NB16J1-M006T0),https://techbar.az/asus-vivobooks3407ca-ly014-90nb16j1-m006t0,1747.0,2097.0,350.0,Satış,14″ | WUXGA (1920×1200) | IPS panel | 60Hz | Intel® Core™ Ultra 5 225H | Intel® Arc™ 130T Graphics | 16GB DDR5 RAM | 512GB SSD | Wi-Fi...
58792,Asus  Vivobook S3407CA-LY010 (90NB16J1-M006F0),https://techbar.az/asus-vivobook-s3407ca-ly010-90nb16j1-m006f0,2012.0,2415.0,403.0,Satış,"14″ | WUXGA (1920×1200) | IPS panel | 60Hz | Intel Core Ultra 7 255H (20 nüvə, 2.4GHz) | Intel Arc Graphics | 16GB DDR5 RAM | 1TB SSD..."
58786,Asus  Zenbook UX3405CA-QL549 (90NB14W4-M00T90),https://techbar.az/asus-zenbook-ux3405ca-ql549-90nb14w4-m00t90,2120.0,2544.0,424.0,Satış,14″ | Full HD (1920×1080) | IPS / Glossy ekran | 60Hz | Intel Core Ultra 5 225H | İnteqrasiyalı qrafika | 16GB LPDDR5x RAM | 512GB SSD M.2...
58781,Asus  Vivobook S3607VA-RP096 (90NB1671-M007N0),https://techbar.az/asus-vivobook-s3607va-rp096-90nb1671-m007n0,1537.0,1845.0,308.0,Satış,"16″ | 1920×1200 | IPS panel | 144Hz | Intel® Core i5-210H (8 nüvə, 4.8GHz) | Intel Graphics | 16GB DDR5 RAM | 512GB SSD | İnteqrasiyalı qrafika |..."
58696,Asus Vivobook N6506CU-MA053 (90NB15E3-M003F0),https://techbar.az/asus-vivobook-n6506cu-ma053-90nb15e3-m003f0,3345.0,4014.0,669.0,Satış,"15.6″ 3K OLED (2880×1620) 120 Hz ekran | Intel Core Ultra 7 255H (16 nüvə, 5.1 GHz) | GeForce RTX 4050 6 GB | 24 GB DDR5 5600 MHz..."
55170,HP 250RG9 7-150U 15 16GB/512 PC,https://techbar.az/hp-250rg9-7-150u-15-16gb-512-pc,1688.0,2026.0,338.0,Satış,15.6″ Full HD | Intel Core i7-150U | 16GB RAM | 512GB SSD | FreeDOS | AD2Q1ET
55169,HP Laptop AI 14-hc0003ci,https://techbar.az/hp-laptop-ai-14-hc0003ci,1799.0,2159.0,360.0,Satış,"Intel Core Ultra 5 225U | 14"" FHD IPS | 16 GB DDR5 RAM | 1 TB PCIe SSD | Intel Graphics | Windows 11 Home | Copilot+ AI Dəstəyi..."
54877,HP OmniBook 5 NGAI16-ag1011ci (C0EE9EA),https://techbar.az/hp-omnibook-5-ngai16-ag1011ci-c0ee9ea,2371.0,2846.0,475.0,Satış,AMD Ryzen AI 7 350 (50 TOPS) | 16″ 2K OLED Touchscreen | 16 GB LPDDR5x | 1 TB PCIe NVMe SSD | AMD Radeon 860M Graphics | Windows 11 Home...
54867,HP OmniBook 7 Noutbuk 16-az0006ci (C0EF4EA),https://techbar.az/hp-omnibook-7-noutbuk-16-az0006ci-c0ef4ea,2265.0,2718.0,453.0,Satış,Intel Core Ultra 5-225H | 16″ 2K IPS / OLED Touchscreen | 16 GB DDR5 / Onboard RAM | 1 TB PCIe NVMe SSD | Intel Arc 130T Graphics...
54859,HP Laptop AI 15-fd2017ci (C0EE8EA),https://techbar.az/hp-laptop-ai-15-fd2017ci-c0ee8ea,1946.0,2336.0,390.0,Satış,Intel Core Ultra 5 225U | 15.6″ FHD | 16 GB DDR5-5600 | 512 GB NVMe SSD | Intel Graphics | Windows 11 Home | AI-Boost | Natural Silver
54850,HP Laptop AI 15-fd2010ci (C0EE7EA),https://techbar.az/hp-laptop-ai-15-fd2010ci-c0ee7ea,2057.0,2469.0,412.0,Satış,HP Laptop AI 15-fd2010ci | Intel Core i5 | 15.6″ Full HD | 16GB RAM | 512GB SSD | FreeDOS | C0EE7EA
54845,HP OmniBook 5 Laptop16-bc1002ci (C0EF5EA),https://techbar.az/hp-omnibook-5-laptop16-bc1002ci-c0ef5ea,2201.0,2642.0,441.0,Satış,AMD Ryzen AI 7 350 | 16″ 2K Touchscreen | 16 GB LPDDR5x-7500 | 1 TB PCIe NVMe SSD | Radeon 860M Graphics | Copilot+ AI PC | Glacier...
54828,HP OmniBook 5 Flip 14-fp0017ci (BZ1H8EA),https://techbar.az/hp-omnibook-5-flip-14-fp0017ci-bz1h8ea,1890.0,2268.0,378.0,Satış,"Intel Core i5-120U | 14"" WUXGA (1920×1200) IPS Touchscreen | 16 GB LPDDR5 RAM | 512 GB PCIe SSD | Intel Graphics | Windows 11 Home | 360° Flip Dizaynı |..."
54554,Noutbuk Asus VivoBook S E1504FA-BQ090 (90NB16F2-M009C0),https://techbar.az/noutbuk-asus-vivobook-s-e1504fa-bq090-90nb16f2-m009c0,1612.0,1935.0,323.0,Satış,"15.6"" Full HD IPS | 60 Hz | AMD Ryzen 5 220 4.9 GHz | 16 GB DDR5 | 512 GB NVMe SSD | AMD Radeon | Gümüşü | Windows 11 | USB,..."
54555,HP EB6G1iR16 5-220U 16 16GB/512 PC (A37N7ET),https://techbar.az/hp-eb6g1ir16-5-220u-16-16gb-512-pc-a37n7et,2373.0,2848.0,475.0,Satış,"Intel® Core™ Ultra 5-220U | 16"" WUXGA Touchscreen | 16GB LPDDR5x | 512GB SSD | Intel® Arc™ 140v Graphics | Windows 11 Pro | HP Wolf Pro Security"
54544,Noutbuk Asus ZenBook 14X OLED UX5401ZA-KN057 (90NB0WM1-M004W0),https://techbar.az/noutbuk-asus-zenbook-14x-oled-ux5401za-kn057-90nb0wm1-m004w0,1650.0,1980.0,330.0,Satış,"Intel Core i5-12500H | 12 nüvə | 2.5 GHz | Intel Iris Graphics | 16 GB DDR5 | 512 GB SSD | 14"" OLED 2560x1440, 90 Hz, sensor |..."
54524,Noutbuk HP OMEN MAX Gaming (BK9Z2EA),https://techbar.az/noutbuk-hp-omen-max-gaming-bk9z2ea,9111.0,10934.0,1823.0,Satış,"16"" WQXGA (2560×1600) IPS, 240 Hz | Anti-glare, 500 nit, sRGB 100% | Intel Core Ultra 9 275HX | 64 GB DDR5-5600 | 2 TB PCIe Gen4 NVMe SSD..."
53726,ASUS Vivobook X1504VA-BQ2519 (90NB10J1-M03380),https://techbar.az/asus-vivobook-x1504va-bq2519-90nb10j1-m03380-2,999.0,1199.0,200.0,Satış,Intel Core i5-1335U (upto 4.6 GHz) | 15.6″ FHD (1920×1080) IPS panel | 16 GB DDR4-3200 RAM | 512 GB NVMe SSD | Intel Iris Xe qrafikası
48493,Noutbuk HP 15-FD2002CI (BG7H4EA),https://techbar.az/noutbuk-hp-15-fd2002ci-bg7h4ea,1612.0,1935.0,323.0,Satış,15.6″ Full HD (1920×1080) | Intel Core Ultra 5 225U  (4.8 GHz‑ə qədər) | Intel Graphics | 16 GB DDR5 RAM  | 512 GB M.2 SSD | FreeDOS |1.65 kq | Natural Silver
48494,Noutbuk HP AI 15-fd2014ci (BG7H5EA),https://techbar.az/noutbuk-hp-ai-15-fd2014ci-bg7h5ea,1869.0,2243.0,374.0,Satış,"15.6″ Full HD (1920×1080) | Intel Core Ultra 7 255U (5.2 GHz‑ə qədər) | Intel Graphics | 16 GB DDR5 RAM | 512 GB M.2 SSD | FreeDOS | 2× USB Type‑A, 2× Thunderbolt™ 4..."
48492,Noutbuk HP EliteBook 860 G11 (A26SSEA),https://techbar.az/noutbuk-hp-elitebook-860-g11-a26ssea,2782.0,3339.0,557.0,Satış,"16″ WUXGA (1920×1200) | Intel Core Ultra 7 155U (4.8 GHz-ə qədər) | Intel Graphics | 16 GB DDR5 RAM | 512 GB SSD  | FreeDOS | 2× Thunderbolt™ 4 (USB‑C), 2× USB‑A,..."
50620,Noutbuk Lenovo ThinkPad T16 Gen 4 (21QE0066FW),https://techbar.az/noutbuk-lenovo-thinkpad-t16-gen-4-21qe0066fw,2969.0,3563.0,594.0,Satış,"16"" WUXGA(1920 x 1200) IPS | Intel Core Ultra 7 255U | 16 GB DDR5 RAM | 512 GB  SSD | Intel Graphics | FreeDos | 1.76 kq"
50613,Noutbuk Lenovo ThinkPad E16 Gen3 (21SR0048FW),https://techbar.az/noutbuk-lenovo-thinkpad-e16-gen3-21sr0048fw,2002.0,2403.0,401.0,Satış,"16"" WUXGA (1920×1200) | Intel Ultra 5 225U (1.5 - 4.8 GHz) | 16 GB DDR5 RAM | 512 GB SSD | Intel Graphics |  FreeDOS | Wi-Fi 6E..."
50609,Noutbuk HP EliteBook 660 G11 (9Y7D6ET),https://techbar.az/noutbuk-hp-elitebook-660-g11-9y7d6et,2858.0,3430.0,572.0,Satış,"16"" WUXGA IPS | Intel Core Ultra 7 165U | 10 nüvə, 4.9 GHz | Intel Qrafika | 16 GB DDR5 | 512 GB SSD | 300 nit |..."
50608,Noutbuk HP EliteBook 660 G11 (9Y7D5ET),https://techbar.az/noutbuk-hp-elitebook-660-g11-9y7d5et,2501.0,3002.0,501.0,Satış,"16"" WUXGA IPS | Intel Core Ultra 5 135U | 10 nüvə, 4.4 GHz | Intel Qrafika | 16 GB DDR5 | 512 GB SSD | 300 nit |..."
50606,Noutbuk Acer Swift 3 SF314-512 (NX.K7MER.009),https://techbar.az/noutbuk-acer-swift-3-sf314-512-nx-k7mer-009,1715.0,2058.0,343.0,Satış,"14"" FHD (1920×1080) ekran | Intel Core i7-1260P | 16 GB LPDDR4X RAM | 512 GB SSD | Intel Iris Xe qrafika |  Windows 11 Home | Wi-Fi 6..."
50598,Noutbuk HP ProBook 460 G11 (AD1X2ET),https://techbar.az/noutbuk-hp-probook-460-g11-ad1x2et,2334.0,2801.0,467.0,Satış,"16"" WUXGA IPS | Intel Core Ultra 5 125H | 4.5 GHz Turbo | 16 GB DDR5 | 1 TB SSD | NVIDIA GeForce RTX 2050 4GB | Wi-Fi..."
50596,Noutbuk HP ProBook 4 G1i 14 inch (AD2M3ET),https://techbar.az/noutbuk-hp-probook-4-g1i-14-inch-ad2m3et,2077.0,2493.0,416.0,Satış,"14"" WUXGA IPS | Intel Core Ultra 7 255U  (up to 5.2 GHz) | 16 GB DDR5 RAM | 512 GB PCIe NVMe SSD  |  Intel inteqrasiya olunmuş qrafika..."
50595,Noutbuk HP EliteBook 6 G1i 14 inch (A37PHET),https://techbar.az/noutbuk-hp-elitebook-6-g1i-14-inch-a37phet,1995.0,2394.0,399.0,Satış,"14"" WUXGA IPS, 300 nits | Intel Core Ultra 5 225U, 4.8 GHz | 16 GB DDR5 5600 MHz | 512 GB PCIe NVMe SSD | Wi-Fi 7, Bluetooth..."
50592,Noutbuk HP ProBook 440 14 inch G10 (A38G9ET),https://techbar.az/noutbuk-hp-probook-440-14-inch-g10-a38g9et,1860.0,2232.0,372.0,Satış,"14"" FHD IPS | Intel Core i7-1355U | 16 GB DDR4 | 512 GB SSD | Intel Iris Xe | 60 Hz | HD kamera | İşıqlandırılan klaviatura |..."
50591,Noutbuk HP ProBook 4 G1i 14 inch Notebook AI PC (AD2M0ET),https://techbar.az/noutbuk-hp-probook-4-g1i-14-inch-notebook-ai-pc-ad2m0et,1841.0,2210.0,369.0,Satış,"14"" WUXGA (1920x1200) IPS Antiblik | Intel Core Ultra 5 225U | 16 GB DDR5 | 512 GB SSD | Intel Arc Graphics | 60 Hz | 1.39 kq..."
50584,Noutbuk Acer Swift 3 SF314-512 (NX.K7MER.006),https://techbar.az/noutbuk-acer-swift-3-sf314-512-nx-k7mer-006,1524.0,1829.0,305.0,Satış,"14"" FHD IPS | Intel Core i5-1240P | 16 GB DDR4 | 512 GB | Intel UHD Graphics |  Windows 11 Home | HDMI, USB 3.2 Gen 1, LAN,..."
50519,HP EliteBook 8 G1i 16 (AD2Y9ET),https://techbar.az/hp-elitebook-8-g1i-16-ad2y9et,2978.0,3574.0,596.0,Satış,"16"" (40.6 cm) | 1920 x 1200 (WUXGA) |  IPS | RAM: 16 GB DDR5 | Intel Core Ultra 7 255U| Intel inteqrasiya olunmuş| 512 GB SSD |Windows 11 Pro"
50487,HP EliteBook 8 G1i 14(A37MLET),https://techbar.az/hp-elitebook-8-g1i-14a37mlet,2959.0,3551.0,592.0,Satış,"14"" WUXGA IPS ekran | 32 GB DDR5 | 1 TB SSD | 5.2 GHz | 1.39 kq | Wi-Fi 7 | 5 MP kamera | Thunderbolt 4 |..."
50463,Noutbuk Dell Pro 16 Plus (210-BPCM),https://techbar.az/noutbuk-dell-pro-16-plus-210-bpcm,2873.0,3448.0,575.0,Satış,"16"" FHD+ (1920x1200) IPS ekran | Intel Core Ultra 7 265U | 16 GB DDR5 RAM | 512 GB SSD | İnteqrə olunmuş Intel qrafika | FreeDOS | Wi-Fi..."
50453,Noutbuk Dell Pro 14 (210-BPBR),https://techbar.az/noutbuk-dell-pro-14-210-bpbr,1641.0,1970.0,329.0,Satış,"14"" WUXGA (1920×1200) IPS ekran | Intel Core 5 220U| 16 GB RAM | 512 GB SSD | Intel Graphics videokart | Ubuntu  | Optik sürücü yoxdur |  1.4..."
48799,Noutbuk Asus V16 V3607VH-RP055 (90NB16L1-M00500),https://techbar.az/noutbuk-asus-v16-v3607vh-rp055-90nb16l1-m00500,2444.0,2933.0,489.0,Satış,"16"" IPS, 1920x1200, 144 Hz | Intel Core 5 210H (8 nüvə, 4.8 GHz) | 16 GB DDR5 RAM | 1 TB SSD | NVIDIA GeForce RTX 5050 8 GB | FreeDOS | 1.95 kq..."
48533,ASUS ZENBOOK S16 UM5606RK282W (90NB13M2-M00H40),https://techbar.az/asus-zenbook-s16-um5606rk282w-90nb13m2-m00h40,3871.0,4646.0,775.0,Satış,"16"" 2880×1800 | OLED | 120 Hz | AMD Ryzen AI 9 365 | 10 nüvə | 5.0 GHz | 24 GB LPDDR5X | 1 TB SSD | AMD..."
48532,ASUS ZENBOOK S16 UM5606WA-RK252W (90NB13M2-M00DV0),https://techbar.az/asus-zenbook-s16-um5606wa-rk252w-90nb13m2-m00dv0,3871.0,4646.0,775.0,Satış,"16"" 2880×1800 | OLED | 120 Hz | AMD Ryzen AI 9 365 | 10 nüvə | 5.0 GHz | 24 GB LPDDR5X | 1 TB SSD | AMD..."
48480,Noutbuk Lenovo ThinkBook 16 G8 IRL ( 21SH009GRT ),https://techbar.az/noutbuk-lenovo-thinkbook-16-g8-irl-21sh009grt,1883.0,2260.0,377.0,Satış,"16"" WUXGA (1920 x 1200) | FreeDOS | Intel Core 7 | 240H  | 16GB | DDR5 | 512 GB SSD | Intel Graphics"
48481,Noutbuk Lenovo ThinkPad X9-14 G1 ( 21QA001FRT ),https://techbar.az/noutbuk-lenovo-thinkpad-x9-14-g1-21qa001frt,4748.0,5698.0,950.0,Satış,"14"" 2.8K (2880×1800) OLED, | Intel Core Ultra 7 258V  | 32GB LPDDR5x RAM | 1TB SSD | Intel Arc Graphics 140V | Windows 11 Pro | Boz"
48478,Noutbuk HP EliteBook Ultra G1i 14″ (B66TCAT),https://techbar.az/noutbuk-hp-elitebook-ultra-g1i-14-b66tcat,3999.0,4799.0,800.0,Satış,"14"" 2.8K (2880×1800) OLED | Intel Core Ultra 7 258V  | Intel Arc Graphics | 32GB RAM | 1TB SSD  | 1.18 kq |"
48477,Noutbuk HP EliteBook X G1i (B69DRET),https://techbar.az/noutbuk-hp-elitebook-x-g1i-b69dret,3774.0,4529.0,755.0,Satış,"14"" WUXGA (1920×1200), 400 nits | Intel Core Ultra 7 256V (4.8 GHz) | Intel Arc Graphics | 16 GB DDR5 RAM | 512 GB SSD | FreeDOS |..."
48476,Noutbuk HP EliteBook x360 830 G11 (8A4U9EA),https://techbar.az/noutbuk-hp-elitebook-x360-830-g11-8a4u9ea,2650.0,3180.0,530.0,Satış,"13.3"" FHD (1920x1080) | Intel Core Ultra 5 125U | Intel Iris Xe | 16 GB DDR4 RAM | 512 GB e SSD | gümüşü"
48473,Noutbuk HP ProBook 4 G1i (AD2L5ET),https://techbar.az/noutbuk-hp-probook-4-g1i-ad2l5et,2098.0,2518.0,420.0,Satış,16″ WUXGA (1920×1200) | Intel Core Ultra 7 255U | Intel Graphics | 16 GB DDR5 RAM | 512 GB PCIe NVMe SSD | 1.74 kq | FreeDOS.
48414,Noutbuk Asus Zenbook UX3407QA-QD428W (90NB1502-M00TB0),https://techbar.az/asus-zenbook-ux3407qa-qd428w-90nb1502-m00tb0,2516.0,3020.0,504.0,Satış,"14″ WUXGA (1920×1200) LED ekran | Snapdragon X X1 26 100 (2.97 GHz‑ə qədər) | Qualcomm Adreno | 16 GB LPDDR5X RAM | 512 GB PCIe NVMe SSD | Wi‑Fi 6E, Bluetooth 5.3 | 2×..."
44657,HP EliteBook 660 16 inch G11 Notebook PC ( A37W0ET ),https://techbar.az/hp-elitbook-eb660-g11-u5-135h-16gb-512-pc,2742.0,3291.0,549.0,Satış,16'' 1920 × 1200 | IPS |Intel Core Ultra 5 135H | 16 GB DDR5 | 512 GB SSD  | Intel Graphics |
44637,HP OmniBook 5 AI 16-AF1013Cİ (BK9Y8EA),https://techbar.az/hp-omnibook-5laptopai-16-af1013ci,2169.0,2603.0,434.0,Satış,"16"" | 2K (300nits, IPS) | Intel Core Ultra 7 255U | 16GB DDR5 RAM | 1TB SSD | Intel Iris Xe Graphics | FreeDOS"
44609,Noutbuk HP 250R G10 5-120U (AD1U0ET),https://techbar.az/hp-250r-g10-5-120u-15-16gb-512pc,1846.0,2216.0,370.0,Satış,"15.6"" Full HD (1920 × 1080), anti-glare, 250 nit | Intel® Core™ i5-120U (10 nüvə, 12 axın, 1.1–5.0 GHz) | 16 GB DDR4-3200 MHz | 512 GB PCIe NVMe..."
44486,Noutbuk Lenovo IP Slim 3 15IRU8 (82X700D6RK),https://techbar.az/laptop-lenovo-ip-slim-3-15iru8-15-6-fhd-1920x1080-ips-i3-1315u-8gb-512,977.0,1173.0,196.0,Satış,"15.6"" FHD (1920x1080), IPS | Intel Core i3-1315U | 8GB LPDDR5 4800MHz RAM | 512GB SSD | Intel UHD Graphics | FreeDos | Arctic Grey | 1.62 kq"
44483,Lenovo Noutbuk ThinkBook 16 G8 IRL ( 21SH008ART ),https://techbar.az/laptop-lenovo-thinkbook-16-g8-irl-16-wuxga-1920x1200-ips-u5-210h-16gb,1698.0,2038.0,340.0,Satış,"16"" WUXGA (1920×1200), 60 Hz | Intel Core i5-210H | 16GB DDR5 RAM | 512GB SSD | Daxili Intel Graphics | FreeDOS | 1.7 kq | Arctic Grey"
44481,Noutbuk Lenovo ThinkBook 14 G8 IRL (21SG008LRT),https://techbar.az/laptop-lenovo-thinkbook-14-g8-irl-14-wuxga-1920x1200-ips-u7-240h-16gb,1898.0,2278.0,380.0,Satış,"14""(1920x1200), IPS | Intel Core 7 240H | 16GB DDR5 5600MHz RAM | 512GB SSD | Intel Graphics | FreeDos | Arctic Grey | 1.36 kq"
44479,Noutbuk Lenovo ThinkPad T16 Gen3 (21MN00BLFW),https://techbar.az/laptop-lenovo-thinkpad-t16-gen3-16-wuxga-ips-u7-155u-16gb-512gb-ssd-in,2789.0,3347.0,558.0,Satış,16″ WUXGA (1920×1200) IPS | Intel Core Ultra 7‑155U | 16 GB DDR5‑5600 MHz | 512 GB PCIe 4.0 NVMe SSD | Intel Graphics | FreeDOS | 1.66 kg | Black
44474,Lenovo ThinkPad T14s Gen 5 (21LS0035RT),https://techbar.az/laptop-lenovo-thinkpad-t14s-gen-5-14-wuxga-1920x1200-ips-u7-155u-32gb,3622.0,4346.0,724.0,Satış,"14″ WUXGA (1920×1200), IPS | Intel Ultra 7‑155U | 32 GB DDR5 | 1 TB SSD | Intel Graphics | Windows 11 | 1.25 kg | Qara"
44468,Lenovo Noutbuk LOQ 15IRX9/ 15.6″ (83DV014PRK),https://techbar.az/laptop-lenovo-loq-15irx9-15-6-fhd-1920x1080-ips-300-nits-i7-13650hx-32,2249.0,2699.0,450.0,Satış,"15.6"" FHD IPS | i7-13650HX (4.9 GHz, 14 nüvə) | 16 GB DDR5 | 512 GB SSD | RTX 4050 (6 GB) | 144 Hz, 100% sRGB | USB-C,..."
41136,Noutbuk HP EliteBook Ultra 14 (A26TLEA),https://techbar.az/hp-elitebook-ultra-14,3840.0,4608.0,768.0,Satış,"14"" 2.2K IPS Touch | Qualcomm Snapdragon X Elite X1E-78-100 (12 nüvəli, 3.4 GHz-ə qədər) | 16GB LPDDR5x | 1TB PCIe Gen4 SSD | Qualcomm Adreno X1-85 GPU |..."
41111,Noutbuk HP ZBook Fury G11 (62X55EA),https://techbar.az/hp-zbook-fury-g11,8915.0,10698.0,1783.0,Satış,"16"" WQXGA IPS 120Hz | Intel Core i9-14900HX (24 nüvəli, 5.8 GHz-ə qədər) | 64GB DDR5 5600 MHz | 1TB PCIe Gen4 SSD | NVIDIA RTX 3500 Ada 12GB..."
41108,Noutbuk Zbook Power 16 G11 (8T0U1EA),https://techbar.az/zbook-power-16-g11-2,4121.0,4946.0,825.0,Satış,"16"" WUXGA IPS | Intel Core Ultra 7 155H | 32GB DDR5 5600 MHz | 1TB PCIe NVMe SSD | NVIDIA RTX 500 Ada 4GB GDDR6 | Windows 11..."
41106,Noutbuk Zbook Power 16 G11 (8T0U4EA),https://techbar.az/zbook-power-16-g11,4804.0,5765.0,961.0,Satış,"16"" WUXGA IPS 400 nits | Intel Core Ultra 7 155H | 32GB DDR5 5600 MHz | 1TB PCIe NVMe SSD | NVIDIA RTX A1000 Ada 6GB GDDR6 |..."
41082,Noutbuk HP OmniBook 5 16-af1011ci (BG7H8EA),https://techbar.az/hp-omnibook-5-4,2117.0,2541.0,424.0,Satış,"16"" WUXGA IPS 300 nits | Intel Core Ultra 7 255U | 24GB LPDDR5x 7467 MHz | 512GB PCIe SSD | Intel Graphics | FreeDOS | Wi-Fi 6 +..."
41064,Noutbuk HP ProBook 460 G11 (A23BCEA),https://techbar.az/hp-probook-460-g11-3,2098.0,2518.0,420.0,Satış,"16"" WUXGA IPS 400 nits | Intel Core Ultra 7 155U | 16GB DDR5 5600 MHz | 512GB PCIe NVMe SSD | Intel Arc Graphics | FreeDOS | Wi-Fi..."
41062,Noutbuk HP ProBook 460 G11 (A23BKEA),https://techbar.az/hp-pb460g11-u5-125u-16-16gb-512-pc,1850.0,2220.0,370.0,Satış,"16″ WUXGA IPS, mat | Intel® Core™ Ultra 5 125U | 16 GB DDR5 | 512 GB SSD |  Intel qrafika | FreeDOS | Wi-Fi 6E, Bluetooth 5.3 |..."
41060,Noutbuk HP ProBook 460 G11 (A23BGEA),https://techbar.az/hp-probook-460-g11,1678.0,2014.0,336.0,Satış,"16"" WUXGA IPS 300 nits | Intel Core Ultra 5 125U | 8GB DDR5 5600 MHz | 512GB PCIe SSD | Intel Graphics | FreeDOS | Wi-Fi 6E +..."
40199,Noutbuk Dell Latitude 5540 (N021L554015EMEA_VP_UBU),https://techbar.az/dell-latitude-5540-core-i7-1355u-16gb-512gb-ssd-15-6-fhd-integrated-fg,2587.0,3105.0,518.0,Satış,"15.6"" FHD IPS 250 nits | Intel Core i7-1355U | 16GB DDR4 3200 MHz | 512GB PCIe SSD | Intel Iris Xe | Ubuntu 22.04 LTS | Wi-Fi 6E..."
38237,Noutbuk Lenovo Yoga 9 2-in-1 14IMH9/ 14″ (83AC005ERK),https://techbar.az/laptop-lenovo-yoga-9-2-in-1-14imh9-14-4k-3840x2400-oled-m-touch-ultra,3812.0,4574.0,762.0,Satış,"14"" 4K OLED 60Hz | Intel Core Ultra 7 155H | 32GB LPDDR5x 7467 MHz | 1TB PCIe SSD | Intel Arc Graphics | Windows 11 Home | Wi-Fi..."
38088,Noutbuk Lenovo ThinkPad T14 G5/ 14″ (21MMSD6N-RT),https://techbar.az/laptop-lenovo-thinkpad-t14-g5-14-wuxga-1920x1200-ips-u5-125u-16gb-512g,2668.0,3202.0,534.0,Satış,"14"" WUXGA IPS 300 nits | Intel Core Ultra 5 125U | 16GB DDR5 5600 MHz | 512GB PCIe 4.0 SSD | Intel Arc Graphics | Windows 11 Pro..."
38083,Noutbuk Lenovo ThinkPad L14 G4/ 14″ (21H2S65A-RT),https://techbar.az/laptop-lenovo-thinkpad-l14-g4-14-1920x1080-i5-1355u-16gb-512gb-ssd-fre,1905.0,2286.0,381.0,Satış,"14"" FHD IPS 250 nits | Intel Core i5-1355U | 16GB DDR4 3200 MHz | 512GB PCIe SSD | Intel UHD Graphics | FreeDOS | 1.39 kq | Qara"
38082,Noutbuk Lenovo ThinkPad L14 G4/ 14″ (21H2S659-RT),https://techbar.az/laptop-lenovo-thinkpad-l14-g4-14-1920x1080-i7-1355u-16gb-512gb-ssd-fre,2096.0,2515.0,419.0,Satış,"14"" FHD IPS 60Hz | Intel Core i7-1355U | 16GB DDR4 3200 MHz | 512GB PCIe SSD | Intel Iris Xe | FreeDOS | 1.40 kq | Qara"
38076,Noutbuk Lenovo ThinkPad E14 G4/ 14″(21E4S2U7-RT),https://techbar.az/laptop-lenovo-thinkpad-e14-g4-14-1920x1080-i3-1215u-8gb-512gb-ssd-free,1200.0,1440.0,240.0,Satış,"14"" FHD IPS 60Hz | Intel Core i3-1215U | 8GB DDR4 | 512GB SSD | Intel UHD Graphics | FreeDOS | 1.59 kq | Qara"
38075,Noutbuk Lenovo ThinkPad L14 G3/ 14′ (21HJS7T3-RT),https://techbar.az/laptop-lenovo-thinkpad-l14-g3-14-full-hd-i5-1235u-8gb-512gb-ssd-free-d,1715.0,2058.0,343.0,Satış,"14"" FHD IPS 250 nits | Intel Core i5-1235U | 8GB DDR4 3200 MHz | 512GB PCIe SSD | Intel Iris Xe | FreeDOS | 1.59 kq"
38068,Noutbuk Lenovo IdeaPad Pro 5 16IRH8 (83AQ006MRK),https://techbar.az/laptop-lenovo-ideapad-pro-5-16irh8-16-2-5k-2560x1600-i7-13700h-16gb-51,2230.0,2676.0,446.0,Satış,"16"" 2.5K IPS 120Hz | Intel Core i7-13700H | 16GB LPDDR5 5200 MHz | 512GB PCIe SSD | NVIDIA GeForce RTX 3050 6GB | FreeDOS | 1.95 kq |..."
38059,Noutbuk Lenovo ThinkBook 16 G7 QOY/ 16″ (21NH000GRU),https://techbar.az/laptop-lenovo-thinkbook-16-g7-qoy-16-wuxga-1920x1200-ips-snapdragon-x,2152.0,2583.0,431.0,Satış,"16"" WUXGA IPS 60Hz | Qualcomm Snapdragon X Plus X1P-42-100 | 32GB LPDDR5x | 1TB PCIe 4.0 SSD | Qualcomm Adreno X1-45 | Windows 11 Pro (ARM) | Wi-Fi..."
38058,Noutbuk Lenovo ThinkPad T14s Gen 6/ 14″ (21N1000DRT),https://techbar.az/laptop-lenovo-thinkpad-t14s-gen-6-14-wuxga-1920x1200-ips-touch-snapdra,3444.0,4133.0,689.0,Satış,"14"" WUXGA IPS 400 nits | Qualcomm Snapdragon X Elite X1E-78-100 | 32GB LPDDR5x 8533 MHz | 512 GB PCIe 4.0 SSD | Qualcomm Adreno GPU | Windows 11..."
38056,Noutbuk Lenovo ThinkPad T14 Gen 5/ 14″ (21ML009ERT),https://techbar.az/laptop-lenovo-thinkpad-t14-gen-5-14-wuxga-1920x1200-ips-u5-125u-16gb-5,2096.0,2515.0,419.0,Satış,"14"" WUXGA IPS 400 nits | Intel Core Ultra 5 125U | 16GB DDR5 5600 MHz | 512GB PCIe SSD | Intel Arc Graphics | FreeDOS | 1.77 kq"
38054,Noutbuk Lenovo ThinkBook 14 G6 IRL (21KG004NRU),https://techbar.az/laptop-lenovo-thinkbook-14-g6-irl-14-wuxga-1920x1200-ips-i7-13700h-16g,1715.0,2058.0,343.0,Satış,"14"" WUXGA (1920x1200) IPS| i7-13700H| 16GB| 512GB SSD| FreeDos"
37317,Noutbuk HP 15-FD0163Cİ (B01FSEA),https://techbar.az/hp-laptop-15-fd0163ci,2188.0,2626.0,438.0,Satış,"15.6"" FHD ekran | Intel Core i7-1355U (5.0GHz, 10 nüvə) | 16GB DDR4 RAM | 1TB SSD | NVIDIA GeForce MX570 A (2GB) | Windows 11"
37287,Noutbuk HP Pavilion 16-af0025ci (B2CV2EA),https://techbar.az/hp-pavilion-laptop-16-af0025ci,1966.0,2360.0,394.0,Satış,"16"" WUXGA (1920 x 1200) IPS ekran | Intel Core Ultra 7 155U (4.8GHz, 12MB) | 16GB DDR5 RAM | 512GB SSD | Intel Iris Xe Graphics | FreeDOS..."
37278,Noutbuk HP PB450 G10 (968W0ET),https://techbar.az/hp-pb450-g10-i7-1335u-14-16gb512-pc,1989.0,2387.0,398.0,Satış,"15.6"" FHD IPS ekran | Intel Core i7-1360P (4.8GHz, 18MB) | 16GB DDR5 RAM | 512GB SSD | NVIDIA GeForce RTX 2050 4GB | Pike Silver | Windows 11..."
37272,Noutbuk HP Laptop 15-fd0108ci (9U5W5EA),https://techbar.az/hp-laptop-15-fd0108ci,1963.0,2356.0,393.0,Satış,"15.6"" Full HD ekran | Intel Core i5-1335U (4.6GHz, 12MB) | 16 GB DDR4 RAM | 1 TB SSD | Intel Iris Xe Graphics | Şəffaf Gümüş | Windows..."
37261,Noutbuk HP PB440 G10 (A38G6ET),https://techbar.az/hp-pb440-g10-i7-1355u-14-16gb512-pc,1963.0,2356.0,393.0,Satış,"15.6"" Full HD ekran | Intel Core i5-1334U (4.6GHz, 12MB) | 8GB DDR4 RAM | 512GB SSD | Intel Iris Xe Graphics | Qara | Windows 10 Pro"
37235,Noutbuk HP Pavilion 16-AF0015CI (B0QT7EA),https://techbar.az/hp-pavilion-laptop-16-af0015ci,1896.0,2276.0,380.0,Satış,"16"" WUXGA (1920 x 1200) IPS ekran | Intel Core Ultra 7 155U (4.8GHz, 12MB) | 16GB LPDDR5x RAM | 512GB PCIe NVMe SSD | Intel Graphics | Sky..."
37204,Noutbuk HP 15-fd 0053ci (B01FMEA),https://techbar.az/hp-laptop-15-fd-0053ci,1833.0,2200.0,367.0,Satış,"15.6"" FHD IPS ekran | Intel Core i7-1355U (5.0GHz, 12MB) | 16GB DDR4 RAM | 1TB SSD | Intel Iris Xe Graphics | Natural Silver | FreeDOS 3.0"
37191,Noutbuk HP 15-fd0127ci (B01FNEA),https://techbar.az/hp-laptop-15-fd0127ci,1835.0,2202.0,367.0,Satış,"15.6"" FHD IPS ekran | Intel Core i7-1355U (5.0GHz, 12MB) | 8GB DDR4 RAM | 512GB SSD |  NVIDIA GeForce MX570 2GB | Warm Gold | FreeDOS"
37184,Noutbuk HP Pavilion x360 Laptop 14-ek1016ci (84K35EA),https://techbar.az/hp-pav-x360-laptop-14-ek1016ci,1809.0,2171.0,362.0,Satış,"14"" FHD IPS sensor ekran |Intel Core i5-1335U (4.6GHz, 12MB) | 16GB DDR4 RAM | 512GB SSD |  Intel Iris Xe Graphics | Natural Silver | FreeDOS"
37171,Noutbuk HP 14-ep1000ci (A16JYEA),https://techbar.az/hp-laptop-14-ep1000ci,1772.0,2127.0,355.0,Satış,"14"" FHD IPS ekran | Intel Core 7 150U (5.4GHz, 12MB) | 16GB DDR4 RAM | 1TB SSD | Intel Graphics | Indigo Blue | FreeDOS​"
37101,Noutbuk HP 14-EP0035CI (B01FLEA),https://techbar.az/hp-laptop-14-ep0035ci,1642.0,1971.0,329.0,Satış,"14"" FHD IPS ekran | Intel Core i5-1335U (4.6GHz, 12MB) | 16GB DDR4 RAM | 512GB SSD | Intel Iris Xe Graphics | Natural Silver | Windows 11 Home"
37095,Noutbuk HP Laptop 15-FD0193CI (A9DT9EA),https://techbar.az/hp-laptop-15-fd0193ci,1640.0,1968.0,328.0,Satış,"15.6"" FHD ekran |Intel Core i5-1334U (4.5GHz, 10MB) | 16GB DDR4 RAM | 512GB SSD | Intel UHD Graphics | Natural Silver | FreeDOS"
37082,Noutbuk HP Laptop 15-FD0130CI (B01FQEA),https://techbar.az/hp-laptop-15-fd0130ci,1623.0,1948.0,325.0,Satış,"15.6"" FHD ekran | Intel Core i5-1334U (4.6GHz, 12MB) | 16GB DDR4 RAM | 512GB SSD |  Intel Iris Xe Graphics | Natural Silver | FreeDOS"
37049,Noutbuk HP 15-FD1009CI (A16KBEA),https://techbar.az/hp-laptop-15-fd1009ci,1478.0,1774.0,296.0,Satış,"15.6"" HD ekran | Intel Core i5-1334U  | 16 GB DDR4 RAM | 1 TB SSD | Intel Graphics | Natural Silver | FreeDOS"
37043,Noutbuk HP 15-FD1008Cİ (B5JR1EA),https://techbar.az/hp-laplop-15-fd1008ci,1344.0,1613.0,269.0,Satış,"15.6"" FHD (1920x1080) IPS ekran | Intel Core i5-120U) | 8GB DDR4 RAM | 512GB SSD  | Intel Iris Xe Graphics | Sliver| FreeDOS"
37036,Noutbuk HP 15-FD1030CI (B5JR3EA),https://techbar.az/hp-laptop-15-fd1030ci,1436.0,1724.0,288.0,Satış,"15.6"" FHD IPS ekran |Intel Core i5-1334U | 8GB DDR4 RAM | 512GB SSD | Intel Iris Xe Graphics | Windows 11 Home | Natural Silver"
37024,Noutbuk HP ProBook 440 G10 (AK9M2AT),https://techbar.az/hp-pb440g10-i5-1334u-14-8gb512-pc,1568.0,1882.0,314.0,Satış,"14"" FHD | IPS | 60Hz | Intel Core i5-1334U | Intel Iris Xe | 8 GB DDR4 | 512GB SSD | Wi-Fi 6E | BT 5.3 | FreeDOS..."
36955,Noutbuk HP 15-fd0103ci (9S7Q2EA),https://techbar.az/notebook-%d0%bd%d1%80-laptop-15-fd0103ci,1344.0,1613.0,269.0,Satış,"15.6"" FHD | IPS | i5-1334U | 16GB DDR4 | 512GB SSD | Wi-Fi 6E | BT 5.3 | 1.59 kg | USB-C | HDMI | 720p Cam"
36638,Noutbuk HP 250R G9 (9B9X8EA),https://techbar.az/hp-250rg9-i5-1335u-15-8gb512-pc,1171.0,1406.0,235.0,Satış,"15.6"" Full HD ekran | Intel Core i5-1335U  | 8 GB DDR4 RAM | 512GB SSD | Intel Iris Xe qrafikası | FreeDOS​"
36318,Noutbuk HP 240R G9 (9C0A6EA),https://techbar.az/hp-240r-g9-i3-1315u-14-8gb256,987.0,1185.0,198.0,Satış,"14"" FHD UWVA 300 nits | Intel Core i3-1315U | 8GB DDR4 | 256GB SSD | Intel UHD Graphics | FreeDOS | 1.47 kg | Dark Ash Silver"
36026,Notbuk Asus VivoBook S 15 OLED S5507QA-MA006W (90NB14Q2-M005E0),https://techbar.az/asus-vivobook-s-s5507qa-ma006w,3121.0,3746.0,625.0,Satış,"15.6"" 3K OLED 120Hz | Qualcomm Snapdragon X Elite X1E-78-100 | 16GB LPDDR5X | 1TB PCIe Gen4 SSD | Qualcomm Adreno GPU | Windows 11 Home | RGB klaviatura..."
24054,Noutbuk  HP 15-FD0111CI (A02N2EA),https://techbar.az/hp-laptop-15-fd0111ci-a02n2ea,1406.0,1688.0,282.0,Satış,"15.6″ FHD (1920 × 1080) IPS, 250 nit | Intel Core i5-1335U | 8 GB DDR4 RAM | 512 GB PCIe NVMe SSD | Intel Iris Xe qrafikası |..."
23843,Noutbuk HP Zbook Power 16 G11 (8T0M2EA),https://techbar.az/hp-zbook-power-16-g11,4888.0,5866.0,978.0,Satış,"16"" WUXGA | IPS | Ultra 7 155H | Iris Xe + RTX 2000 Ada | 32GB DDR5 | 1TB SSD |  Silver"
23040,Noutbuk HP Spectre x360 / 14″ (A1AA3EA),https://techbar.az/hp-spectre-x360-14,3297.0,3957.0,660.0,Satış,"14"" 2.8K OLED | Touch | 360° hinge | Intel Core Ultra 5 125H | Intel Arc | 16 GB LPDDR5X | 512 GB SSD | Wi‑Fi 6E | BT 5.3 | Windows 11 Home..."
23023,Noutbuk HP 14-ep0005ci / 14″ (7Y2A2EA),https://techbar.az/hp-laptop-14,1497.0,1797.0,300.0,Satış,"14"" FHD | IPS | 60 Hz | Intel Core i5‑1335U | Intel Iris Xe | 8 GB DDR4 | 512 GB SSD | Wi‑Fi 6 + Bluetooth 5.3 | FreeDOS |..."
23000,Noutbuk HP EliteBook x360 1040 G10 (8A4G4EA),https://techbar.az/hp-elitebook-x360-1040-g10,3849.0,4619.0,770.0,Satış,"14"" WUXGA | IPS Touch | 360° hinge | 250 nits | Intel Core i7-1355U | Intel Iris Xe | 16GB LPDDR5 | 1TB SSD | Wi-Fi 6E | Bluetooth..."
22957,Noutbuk HP 250 G10 (8X9C9EA),https://techbar.az/hp-250g10-15-6-2,1202.0,1443.0,241.0,Satış,15.6″ FHD (1920×1080) | Intel Core i5‑1335U ) | Intel Iris Xe qrafika | 8 GB DDR4 RAM | 256 GB PCIe NVMe SSD |  FreeDOS | Boz
19079,Noutbuk Dell Vostro 5620 (N1401VNB5620EMEA01),https://techbar.az/vostro-5620,2491.0,2990.0,499.0,Satış,"16"" FHD+ | WVA | 60Hz | Intel Core i7-1260P | Intel Iris Xe | 8 GB DDR4 | 256 GB SSD | Wi-Fi 6 | Bluetooth 5.2 |..."
19049,Noutbuk Acer Aspire 3 A315-59-38U6 (NX.K6TER.006),https://techbar.az/noutbuk-acer-aspire-3-nx-k6ter-006,950.0,1140.0,190.0,Satış,"15.6"" FHD IPS | Intel Core i3-1215U | 8GB DDR4 3200 MHz | 512GB PCIe NVMe SSD | Intel UHD Graphics | FreeDOS | Wi-Fi 6 | Bluetooth 5.2..."
12406,Noutbuk HP 250 G10 (725G9EA),https://techbar.az/hp-250g10-15-6-5,1688.0,2026.0,338.0,Satış,"15.6"" FHD | IPS | 250 nit | Intel Core i5-1334U | 16GB DDR4 | 512GB SSD | Intel Iris Xe Graphics | FreeDOS | 1.52 kq | Dark..."
18101,Noutbuk HP Envy x360 / 15″ (81K29EA),https://techbar.az/hp-envy-x360-15-2,2304.0,2765.0,461.0,Satış,"15.6"" FHD | IPS Touch | 360° hinge | 400 nits | Intel Core i5‑1335U | Intel Iris Xe | 8 GB LPDDR5 | 512 GB PCIe NVMe SSD | Wi‑Fi 6E..."
18094,Noutbuk HP Envy x360 / 13″ (827M6EA),https://techbar.az/hp-envy-x360-13-2,2360.0,2832.0,472.0,Satış,"13.3"" WUXGA | IPS | Touchscreen | 360° hinge | 60Hz | Intel Core i5-1230U | Intel Iris Xe | 8GB LPDDR4x | 512GB SSD | Wi-Fi 6E |..."
17959,Noutbuk HP Envy x360 15-fh0003ci (8F919EA),https://techbar.az/noutbuk-hp-envy-x360-laptop-15-fh0003ci-8f919ea,2015.0,2418.0,403.0,Satış,"15.6"" IPS ekran (1920x1080) | HP | Black | AMD Ryzen 5 7530U | 16 GB RAM | 1 TB SSD | AMD Radeon Graphics | FreeDOS"
17824,Noutbuk HP ProBook 450 G10 (816P1EA),https://techbar.az/hp-probook-450-g10-15-6-3,1888.0,2266.0,378.0,Satış,"15.6"" FHD | IPS | 60 Hz | Intel Core i7‑1355U | Intel Iris Xe Graphics | 16 GB DDR4‑3200 | 512 GB PCIe NVMe SSD | Pike Silver"
17823,Noutbuk HP ProBook 450 G10 (85B73EA),https://techbar.az/hp-probook-450-g10-15-6-4,2061.0,2474.0,413.0,Satış,"15.6"" FHD | IPS | 60 Hz | Intel Core i7-1355U | Intel Iris Xe Graphics | 8 GB DDR4‑3200 | 512 GB PCIe NVMe SSD | Wi-Fi 6 | Bluetooth 5.2..."
17822,Noutbuk HP ProBook 450 G9 (6S7D6EA),https://techbar.az/hp-probook-450-g9-15-6,2042.0,2451.0,409.0,Satış,"15.6"" FHD | IPS | 60Hz | i5-1235U | Iris Xe + MX570 2GB | 8GB DDR4 | 512GB SSD | Wi-Fi 6 | BT 5.2 | FreeDOS |..."
17783,Noutbuk HP 250 G10 (725C5EA),https://techbar.az/hp-250g10-15-6,1364.0,1637.0,273.0,Satış,"15.6"" FHD | IPS | 60Hz | Intel Core i5-1335U | Intel Iris Xe | 8GB DDR4 | 256GB SSD | Wi-Fi 5 | Bluetooth 5.0 | FreeDOS |..."
12601,Noutbuk HP ProBook 450 G9 (5Y3T4EA),https://techbar.az/hp-probook-450-g9-15-6-3,1869.0,2243.0,374.0,Satış,"15.6"" HD | Anti-glare | Intel Core i7-1255U | 8GB DDR4 | 512GB SSD | NVIDIA GeForce MX570 2GB | FreeDOS | 1.74 kq | Pike Silver"
11433,Noutbuk HP 250 G10 (725G7EA),https://techbar.az/hp-250g10-15-6-3,1373.0,1648.0,275.0,Satış,"15.6"" FHD | IPS | 250 nit | Intel Core i5-1335U | 16GB DDR4 | 512GB SSD | Intel Iris Xe Graphics | FreeDOS | 1.52 kq | Turbo..."
10689,Noutbuk HP 250 G10 (725H0EA),https://techbar.az/hp-250g10-15,1659.0,1991.0,332.0,Satış,"15.6"" FHD | IPS | Intel Core i7-1355U | 8GB RAM | 512GB SSD | Intel Iris Xe | 1.52 kq | FreeDOS"
